author,post_count,avg_time_between_posts_sec,percent_link_posts,duplicate_text_ratio
M_i_c_K,246,8971.477551020409,1.0,0.21138211382113825
John3262005,194,10411.005181347151,1.0,0.0
Walk1000Miles,145,121351.01388888889,1.0,0.0
Prudent_Bug_1350,141,30489.135714285716,1.0,0.0
Ask4MD,137,16059.52205882353,1.0,0.0
[deleted],120,148675.78151260506,1.0,0.0
AutoModerator,112,79394.8918918919,1.0,0.7410714285714286
machan12,103,81616.70588235294,1.0,0.0
Healthy_Block3036,102,60874.376237623765,1.0,0.1470588235294118
DEMOCREPUBLIX,88,24968.2183908046,1.0,0.0
Trumpet_of_Jericho,81,59518.6375,1.0,0.11111111111111116
Equivalent-Ad8645,67,32691.136363636364,1.0,0.0
IHateTrains123,60,22231.898305084746,1.0,0.0
CrimethInc-Ex-Worker,57,153727.375,1.0,0.0
xeno132,57,149135.625,1.0,0.01754385964912286
johnateapple,54,39777.056603773584,1.0,0.14814814814814814
nimobo,46,4023.733333333333,1.0,0.0
Lil_Peachy_Fox,46,182239.24444444446,1.0,0.0
Lotus532,45,181087.8409090909,1.0,0.022222222222222254
t-o-m-u-s-a,43,183311.35714285713,1.0,0.0
wenchette,40,52212.230769230766,1.0,0.0
D-R-AZ,40,53543.820512820515,1.0,0.0
progress18,39,466955.2894736842,1.0,0.0
Afterswiftie,39,56842.10526315789,1.0,0.05128205128205132
triggernaut,37,15280.222222222223,1.0,0.0
pleasureismylife,36,140094.65714285715,1.0,0.0
Jimmys_Paintings,34,244617.0,1.0,0.0
BubsyFanboy,33,29719.75,1.0,0.0
IcyOlive8202,32,155014.87096774194,1.0,0.0
dangerous_service,32,175587.16129032258,1.0,0.0
Dazzling-Screen-2479,31,120860.3,1.0,0.0
raicopk,31,106902.66666666667,1.0,0.0
Doom_Walker,28,663583.0370370371,1.0,0.0
LolAtAllOfThis,27,70247.96153846153,1.0,0.0
Rousherte,27,299872.6538461539,1.0,0.0
Efficient-Party-2323,26,67423.56,1.0,0.0
arca_num_,26,287003.48,1.0,0.0
Spiderwig144,25,90397.0,1.0,0.040000000000000036
ldn6,24,57990.13043478261,1.0,0.0
Intelligent_Let_3523,24,316142.6956521739,1.0,0.0
GeneralCarlosQ17,23,23462.727272727272,1.0,0.0
Economy_Swim_8585,23,89118.95454545454,1.0,0.0
thatrightwinger,20,24164.315789473683,1.0,0.0
ONETRILLIONAMERICANS,20,45797.36842105263,1.0,0.0
cristoper,19,404000.05555555556,1.0,0.0
Disastrous-Object647,19,28764.555555555555,1.0,0.0
Horst93Walter,19,431987.6111111111,1.0,0.26315789473684215
89417dre,19,439064.0,1.0,0.0
Beliavsky,18,96189.64705882352,1.0,0.0
biospheric,18,77950.17647058824,1.0,0.0
ParfaitAdditional469,18,105689.23529411765,1.0,0.0
EUstrongerthanUS,18,78427.64705882352,1.0,0.0
Straight_Ad2258,18,68962.35294117648,1.0,0.0
Imicrowavebananas,18,66301.58823529411,1.0,0.0
ThatJankyDoll,18,395065.17647058825,1.0,0.0
Down-not-out,17,33381.3125,1.0,0.0
coinfanking,17,113464.75,1.0,0.0
NoThirdTerm,17,89503.4375,1.0,0.0
CulturalMarxist123,17,265980.625,1.0,0.0
trumpaddict2020,16,113519.0,1.0,0.0
jobautomator,16,86399.33333333333,1.0,0.5
Sine_Fine_Belli,16,79172.26666666666,1.0,0.0
Saltedline,16,75565.53333333334,1.0,0.0
j_michel,16,771.2,1.0,0.0
curraffairs,15,574525.7142857143,1.0,0.0
zroxx2,15,36412.07142857143,1.0,0.0
FreedomsPower,15,1209653.142857143,1.0,0.0
rewkom,15,283318.14285714284,1.0,0.0
Charming-Score7015,14,216680.84615384616,1.0,0.0
broc944,14,37418.53846153846,1.0,0.0
MuniPal,14,115978.23076923077,1.0,0.0
HeHateMe337,14,143944.38461538462,1.0,0.0714285714285714
AceCombat9519,14,157358.84615384616,1.0,0.0
WildestDreams_,14,92448.23076923077,1.0,0.0
USANewsUnfiltered,13,44360.833333333336,1.0,0.0
jonfla,13,151350.5,1.0,0.0
undercurrents,13,17415.166666666668,1.0,0.0
Rad_Energetics,13,97700.25,1.0,0.0
PrithvinathReddy,13,19039.5,1.0,0.0
HikmetLeGuin,13,179142.0,1.0,0.0
averiroselyn,13,620009.1666666666,1.0,0.0
AndrewWarra,13,215582.25,1.0,0.0
Paczilla3,12,435982.2727272727,1.0,0.0
AnarchaMorrigan,12,630687.7272727273,1.0,0.0
Quirky_Chicken_1840,12,170944.72727272726,1.0,0.0
GriffinObuffalo,12,144248.72727272726,1.0,0.0
zsreport,12,162515.54545454544,1.0,0.0
Arenologist,12,99413.90909090909,1.0,0.0
Street_Anon,12,31472.090909090908,1.0,0.0
Plaintalks,12,30310.272727272728,1.0,0.0
Murky-Site7468,12,27577.090909090908,1.0,0.0
aslan_is_on_the_move,12,24836.18181818182,1.0,0.0
z8675309z,12,26237.363636363636,1.0,0.0
md06john316,11,43924.1,1.0,0.0
tta2013,11,193330.6,1.0,0.09090909090909094
CooterCKreshenz,11,123312.6,1.0,0.0
Dependent-Cherry-129,11,206042.2,1.0,0.0
UnscheduledCalendar,11,120595.3,1.0,0.0
Free-Minimum-5844,11,123513.9,1.0,0.0
LANDANVRpizzaking_42,11,659858.4,1.0,0.0
FlamingNutShotz4You,11,767137.2,1.0,0.0
shevekdeanarres,10,669493.1111111111,1.0,0.0
jeffie_3,10,743257.6666666666,1.0,0.0
origutamos,10,230833.0,1.0,0.0
independentlywrong,10,57896.77777777778,1.0,0.0
abrookerunsthroughit,10,202914.44444444444,1.0,0.0
nosotros_road_sodium,10,37841.555555555555,1.0,0.0
Quirkie,10,30536.88888888889,1.0,0.0
UpgradedSiera6666,10,21732.777777777777,1.0,0.0
isawasin,10,450735.1111111111,1.0,0.0
East_River,10,355806.0,1.0,0.0
yogthos,10,406593.44444444444,1.0,0.0
DasAntwortviech,10,652089.7777777778,1.0,0.0
obesedestro,10,635684.6666666666,1.0,0.0
Acedread,10,298317.6666666667,1.0,0.8
Obvious-Gate9046,9,249763.875,1.0,0.0
DumpedChick22,9,126512.125,1.0,0.0
baby_budda,9,141776.0,1.0,0.0
callycumla,9,216169.375,1.0,0.0
clamorous_owle,9,211292.0,1.0,0.0
luvv4kevv,9,255931.75,1.0,0.0
No_Lifeguard747,9,145659.25,1.0,0.0
TimesandSundayTimes,9,142699.125,1.0,0.0
Financial_Army_5557,9,131728.625,1.0,0.0
No1PaulKeatingfan,9,54889.875,1.0,0.0
CASHOWL,9,40027.0,1.0,0.0
Rock-n-roll-Kevin,9,37083.375,1.0,0.0
newsspotter,9,33296.875,1.0,0.0
1_ShadowThorn_1,9,377231.125,1.0,0.0
Clevart92,9,617437.0,1.0,0.0
sensitivesashimi,8,524825.2857142857,1.0,0.0
Pinot_Greasio,8,76355.0,1.0,0.0
Delicious_Adeptness9,8,1201343.4285714286,1.0,0.0
ComfortableWage,8,1277668.7142857143,1.0,0.0
rhino910,8,48740.28571428572,1.0,0.0
TheMemeWarVeteran,8,248030.42857142858,1.0,0.0
backpackwayne,8,185604.0,1.0,0.0
1Rab,8,154648.14285714287,1.0,0.0
Tuxcali1,8,51753.57142857143,1.0,0.0
sweatycat,8,44786.142857142855,1.0,0.0
amartin141,8,43357.42857142857,1.0,0.0
RGV_KJ,8,43313.42857142857,1.0,0.0
XXXCincinnatusXXX,7,87389.83333333333,1.0,0.0
scmusicman843,7,28481.666666666668,1.0,0.0
redditor01020,7,43968.833333333336,1.0,0.1428571428571429
ngoni,7,54299.333333333336,1.0,0.0
Own_Entertainment847,7,1239866.5,1.0,0.0
Touristupdatenola,7,11634.5,1.0,0.0
ellistonvu,7,1826247.8333333333,1.0,0.0
Awesomeuser90,7,299629.1666666667,1.0,0.0
Aggressive1999,7,171649.33333333334,1.0,0.0
pharrt,7,55324.5,1.0,0.0
okayblueberries,7,47168.166666666664,1.0,0.0
IWantPizza555,7,55629.0,1.0,0.0
nbcnews,7,48313.333333333336,1.0,0.0
GeneReddit123,7,33362.666666666664,1.0,0.0
SpaceElevatorMusic,7,17506.333333333332,1.0,0.0
Mysterious-Ring-2352,7,200848.33333333334,1.0,0.0
Newlife1025,7,856114.5,1.0,0.0
Ok_Entertainment7075,7,977515.8333333334,1.0,0.1428571428571429
EKsaorsire,6,1035356.2,1.0,0.0
comic_moving-36,6,925806.0,1.0,0.0
vampirepomeranian,6,77106.0,1.0,0.0
DraconianDebate,6,24125.2,1.0,0.0
f1sh98,6,99711.8,1.0,0.0
Slainlion,6,46690.4,1.0,0.0
WisestPanzerOfDaLake,6,18060.2,1.0,0.0
Kunphen,6,1145395.2,1.0,0.0
Top-Psychology5094,6,154510.0,1.0,0.0
Inevitable_Catch_566,6,242538.0,1.0,0.0
smauseth,6,246699.8,1.0,0.0
Peersoon_2000,6,89885.6,1.0,0.0
bernd1968,6,330826.2,1.0,0.0
sufinomo,6,134747.6,1.0,0.0
amievenrelevant,6,322878.0,1.0,0.0
Real_World123,6,314379.8,1.0,0.0
Famous_Criticism_642,6,189909.4,1.0,0.0
lbrtrl,6,117978.8,1.0,0.0
EricReingardt,6,184234.2,1.0,0.0
Ok_Aardappel,6,193434.0,1.0,0.0
AmericanPurposeMag,6,193215.0,1.0,0.0
Amtoj,6,165473.8,1.0,0.0
Working-Welder-792,6,58826.6,1.0,0.0
nytopinion,6,65515.2,1.0,0.0
HotHuckleberry8904,6,65542.4,1.0,0.0
brushfirefred,6,40081.2,1.0,0.0
Infidel8,6,64073.4,1.0,0.0
AravRAndG,6,51546.4,1.0,0.0
bloomberg,6,40346.2,1.0,0.0
dheber,6,47181.6,1.0,0.0
Either-Needleworker9,6,20648.6,1.0,0.0
Adrian_TTV,6,19920.8,1.0,0.0
IanTrader,6,132478.0,1.0,0.0
donutloop,6,247873.2,1.0,0.0
hunegypt,6,514772.6,1.0,0.16666666666666663
ModernJazz-2K20,6,466685.4,1.0,0.16666666666666663
Death_and_Gravity1,6,550918.8,1.0,0.0
RedWarrior42,6,1331643.0,1.0,0.0
PsychologicalHat2617,6,162990.6,1.0,0.0
Imagine_breathingHAH,6,67189.2,1.0,0.0
JudgeSabo,5,1950749.25,1.0,0.0
Arktikos02,5,1423499.0,1.0,0.0
Striking-Watch,5,365772.5,1.0,0.4
NewEraSom,5,1252833.25,1.0,0.0
NoFocus4742,5,109340.75,1.0,0.0
Yosoff,5,101069.0,1.0,0.0
Humble_Poem_2257,5,100667.0,1.0,0.0
tigers1230,5,389329.5,1.0,0.19999999999999996
RatioKey2034,5,135200.5,1.0,0.0
RecentMonk1082,5,260313.5,1.0,0.0
Ashamed-Complaint423,5,782611.5,1.0,0.0
tinfoiltatty,5,234449.25,1.0,0.0
TheWayToBeauty,5,1445842.0,1.0,0.0
La-Sauge,5,2653502.25,1.0,0.0
judgejeaninne,5,86964.75,1.0,0.0
Megalodon481,5,202422.0,1.0,0.0
shallah,5,290724.5,1.0,0.0
ControlCAD,5,296847.0,1.0,0.0
NoPossibility5220,5,402037.75,1.0,0.0
LavenderBloomings,5,62291.5,1.0,0.19999999999999996
littleoldlady71,5,306857.25,1.0,0.0
teddybear41,5,305913.5,1.0,0.0
RelativeDinner4395,5,1731495.0,1.0,0.0
NeolibsLoveBeans,5,210127.5,1.0,0.0
Affectionate_Cat293,5,126929.5,1.0,0.0
Why_Cant_I_Slay_This,5,204650.25,1.0,0.0
smurfyjenkins,5,255382.5,1.0,0.0
Any-Feature-4057,5,153012.0,1.0,0.0
Frog_Yeet,5,216721.5,1.0,0.0
towngrizzlytown,5,83433.25,1.0,0.0
nimicdoareu,5,87345.5,1.0,0.0
Silly-avocatoe,5,74314.0,1.0,0.0
southpawFA,5,65039.5,1.0,0.0
AskRedditOG,5,64858.5,1.0,0.0
Neither_Mood4230,5,67954.75,1.0,0.0
doobied-2000,5,7769.0,1.0,0.0
plz-let-me-in,5,22638.75,1.0,0.0
leninism-humanism,5,737444.25,1.0,0.0
SocialismForAll,5,831778.75,1.0,0.0
Routine-Confusion-62,5,518409.25,1.0,0.0
not_homeless_yet23,5,889599.0,1.0,0.0
stevie-x86,5,327824.75,1.0,0.0
Hamseda,4,809679.6666666666,1.0,0.0
WildAutonomy,4,1142446.3333333333,1.0,0.0
am_az_on,4,98121.33333333333,1.0,0.0
squidwurd,4,367956.6666666667,1.0,0.25
MysticMind89,4,1230234.0,1.0,0.0
DemonicsGamingDomain,4,1749978.6666666667,1.0,0.0
Droughtg3xfc,4,90016.33333333333,1.0,0.25
_vokhox_,4,663144.6666666666,1.0,0.0
AF2C,4,1647154.6666666667,1.0,0.0
Konradleijon,4,324297.6666666667,1.0,0.0
whicky1978,4,54488.333333333336,1.0,0.0
Arachnohybrid,4,140611.0,1.0,0.0
jolson1616,4,76950.66666666667,1.0,0.0
LibransRule,4,114072.33333333333,1.0,0.0
benaissa-4587,4,83755.0,1.0,0.0
JPRedScot,4,546082.6666666666,1.0,0.0
MilkyxDad,4,61392.333333333336,1.0,0.0
-Erase,4,114559.33333333333,1.0,0.0
More_Schedule5678,4,71638.33333333333,1.0,0.0
MojoV100,4,81296.0,1.0,0.0
maximumkush,4,558334.6666666666,1.0,0.0
Possible_Shirt_4935,4,175587.0,1.0,0.0
TanviVats,4,549138.0,1.0,0.0
SkudChud,4,138182.33333333334,1.0,0.0
ObligationAware3755,4,169545.33333333334,1.0,0.0
Academic_Avocado_439,4,1507295.3333333333,1.0,0.0
reynvann65,4,5935191.333333333,1.0,0.0
Icy_Statement_2410,4,5083580.0,1.0,0.0
luthen_rael-axis-,4,366020.6666666667,1.0,0.25
SandyPhagina,4,5732869.0,1.0,0.0
this-is-all-nonsense,4,1186075.3333333333,1.0,0.0
ms_directed,4,352081.3333333333,1.0,0.0
gadgetygirl,4,2567368.3333333335,1.0,0.0
Dragon_Jew,4,1470911.0,1.0,0.0
stuffandthings83,4,1730967.3333333333,1.0,0.0
DonSalaam,4,695710.3333333334,1.0,0.0
audiomuse1,4,1325797.0,1.0,0.0
teamworldunity,4,5650350.333333333,1.0,0.0
_SilentGhost_10237,4,605745.6666666666,1.0,0.0
IJustWantToBePure,4,413403.6666666667,1.0,0.0
SideRepresentative9,4,328073.0,1.0,0.0
Magro18,4,545648.0,1.0,0.0
Holyland_focus,4,7914.0,1.0,0.0
lire_avec_plaisir,4,122946.33333333333,1.0,0.0
flyn4fun2,4,682309.3333333334,1.0,0.0
Anonymouse_Bosch,4,226078.0,1.0,0.0
Bigcouchpotato1,4,374704.3333333333,1.0,0.0
thetruckerswallofsha,4,290390.0,1.0,0.0
h20poIo,4,124189.33333333333,1.0,0.0
HazyDavey68,4,520048.3333333333,1.0,0.0
nkaufman11,4,57503.333333333336,1.0,0.0
unfinishedtoast3,4,226361.66666666666,1.0,0.0
sereneandeternal,4,261597.33333333334,1.0,0.0
privatize_the_ssa,4,68079.0,1.0,0.0
TrixoftheTrade,4,180705.33333333334,1.0,0.0
1CCF202,4,94698.33333333333,1.0,0.0
CheetoMussolini,4,74033.33333333333,1.0,0.0
1TTTTTT1,4,135630.0,1.0,0.0
Signal-Lie-6785,4,7006.666666666667,1.0,0.0
DontBeAUsefulIdiot,4,211672.33333333334,1.0,0.0
cdstephens,4,268898.0,1.0,0.0
_patterns,4,202750.33333333334,1.0,0.0
reubencpiplupyay,4,275547.0,1.0,0.0
Louis_de_Gaspesie,4,115137.33333333333,1.0,0.0
ObjectiveAd6551,4,28829.0,1.0,0.0
Oleg101,4,87277.33333333333,1.0,0.0
Somervilledrew,4,95954.66666666667,1.0,0.0
WarmingNow,4,29147.333333333332,1.0,0.0
Running_From_Zombies,4,91137.66666666667,1.0,0.0
thenationmagazine,4,6866.333333333333,1.0,0.0
wiredmagazine,4,90369.33333333333,1.0,0.0
PlethoraOfPinatass,4,70987.33333333333,1.0,0.0
Exciting_Teacher6258,4,92767.33333333333,1.0,0.0
Boonzies,4,90646.0,1.0,0.0
drjjoyner,4,59593.0,1.0,0.0
Hrmbee,4,80473.33333333333,1.0,0.0
Silent-Resort-3076,4,59717.0,1.0,0.0
peoplemagazine,4,83852.66666666667,1.0,0.0
Doener23,4,60668.666666666664,1.0,0.0
PostHeraldTimes,4,61874.666666666664,1.0,0.0
throwaway16830261,4,47451.666666666664,1.0,0.0
lumine2669,4,781436.6666666666,1.0,0.0
17FactsHub,4,924144.0,1.0,0.0
lightiggy,4,732999.6666666666,1.0,0.0
broken_knee_,4,254791.0,1.0,0.0
Malubu,4,1113792.0,1.0,0.0
Gnxzz,4,2077905.6666666667,1.0,0.0
JustWinning733,4,1403832.3333333333,1.0,0.5
aeugh1447_,4,193624.33333333334,1.0,0.0
RudeAdministration1,4,18577.0,1.0,0.0
AustmosisJones,3,1751629.5,1.0,0.0
filthyhippie76,3,4156645.0,1.0,0.0
Ok-Instruction-3653,3,850881.0,1.0,0.0
Gene-Omaha-2012,3,1521774.0,1.0,0.0
sabate,3,1513101.0,1.0,0.0
ArielofBlueSkies,3,1278273.5,1.0,0.0
Herefourfunnn,3,1457272.5,1.0,0.0
obiemann,3,848028.5,1.0,0.0
Anarcho_Humanist,3,505906.5,1.0,0.0
EpicesPotato,3,2895802.5,1.0,0.0
Advanced-Hat2338,3,853691.0,1.0,0.0
9-NINE-9,3,3026522.0,1.0,0.0
Imaginary-Candy7216,3,1328392.5,1.0,0.0
cumminginsurrection,3,3258727.0,1.0,0.0
godzillavkk,3,1183468.5,1.0,0.0
MagnetoWasRight1312,3,2727656.5,1.0,0.0
Naurgul,3,1829965.0,1.0,0.0
Firedup2015,3,1509613.0,1.0,0.0
HeavenlyPossum,3,836357.0,1.0,0.0
akejavel,3,3024445.0,1.0,0.0
Kir3ji,3,331166.0,1.0,0.0
HKJGN,3,512576.5,1.0,0.0
anohioanredditer,3,3971750.0,1.0,0.0
Infinite-Profit-8096,3,188933.5,1.0,0.0
RadiantWarden,3,349953.0,1.0,0.0
myfishbulliesme,3,179848.5,1.0,0.0
Artexjay,3,205730.0,1.0,0.0
Stockjock1,3,127847.0,1.0,0.0
Various_Arrival1633,3,1038745.5,1.0,0.0
jinc1019,3,771460.0,1.0,0.33333333333333337
According-Activity87,3,116718.5,1.0,0.0
TechnicianTypical600,3,82934.0,1.0,0.0
Carlson-Maddow,3,80218.0,1.0,0.0
Purple_Writing_8432,3,144162.5,1.0,0.0
old---,3,136538.5,1.0,0.0
HooverInstitution,3,92353.0,1.0,0.0
KonstantynBrick,3,45410.0,1.0,0.0
ProLifeMedia,3,86479.0,1.0,0.0
Holiday-Tie-574,3,46238.5,1.0,0.0
BiggieTwiggy1two3,3,109509.0,1.0,0.0
dailymail,3,89732.0,1.0,0.0
intrigue-bliss4331,3,2873.5,1.0,0.0
Flashy-Brain,3,49264.5,1.0,0.0
KarlaSofen234,3,3581589.5,1.0,0.0
Healthythinker99,3,235743.0,1.0,0.0
inthesinbin,3,6089582.0,1.0,0.0
bigelow6698,3,67898.5,1.0,0.0
brewin91,3,159770.5,1.0,0.0
TheMooseIsLoose2355,3,2939523.0,1.0,0.0
EducationMental648,3,3638530.0,1.0,0.0
OfferMeds,3,3341802.5,1.0,0.0
francescadabesta,3,7531451.5,1.0,0.0
BronzeSpoon89,3,298557.0,1.0,0.0
hentaigabby,3,4836565.0,1.0,0.0
TheGza760,3,3245583.5,1.0,0.0
SpecialistStory336,3,216226.0,1.0,0.0
hjb88,3,4494134.5,1.0,0.0
RenziumZ,3,255655.5,1.0,0.0
progressiveprepper,3,123575.5,1.0,0.0
kioma47,3,4148514.0,1.0,0.0
ChiefD789,3,32794.5,1.0,0.0
SpiritualCopy4288,3,50846.0,1.0,0.0
FinalAd9844,3,3782252.5,1.0,0.0
cdrcdr12,3,714030.0,1.0,0.0
BrandDC,3,522714.0,1.0,0.0
MikeyPh,3,219681.0,1.0,0.0
SuchDogeHodler,3,91105.5,1.0,0.0
browncharlie1922,3,874032.5,1.0,0.0
Complete-Captain2211,3,60867.0,1.0,0.0
APerspicaciousHuman,3,430427.5,1.0,0.0
FerretOnReddit,3,413603.5,1.0,0.0
schefferjoko,3,160633.0,1.0,0.0
Labtink,3,390652.0,1.0,0.0
ThahZombyWoof,3,777955.0,1.0,0.0
Gr8daze,3,100965.5,1.0,0.0
Covidicus_Vaximus,3,586322.5,1.0,0.0
Peteostro,3,189196.0,1.0,0.0
CuteAsCarrieanne,3,182546.0,1.0,0.0
Labaholic55,3,345736.5,1.0,0.0
RecursiveeQ,3,738168.0,1.0,0.0
dr_isk_16,3,643652.5,1.0,0.0
DREWCAR89,3,358408.5,1.0,0.0
Plastic-Age5205,3,394426.0,1.0,0.0
GoGetSilverBalls,3,517567.0,1.0,0.0
Simpletruth2022,3,351333.0,1.0,0.0
realplayer16,3,216489.0,1.0,0.0
Jellyandjiggles,3,173529.5,1.0,0.0
Ok_Huckleberry7405,3,377.0,1.0,0.0
tcumber,3,121600.0,1.0,0.0
AMagicalKittyCat,3,494621.0,1.0,0.0
Steve____Stifler,3,448285.0,1.0,0.0
arcgiselle,3,568091.0,1.0,0.0
da96whynot,3,389594.5,1.0,0.0
ctolsen,3,220948.0,1.0,0.0
WholeInspector7178,3,568493.5,1.0,0.0
ale_93113,3,581006.0,1.0,0.0
hypsignathus,3,527756.5,1.0,0.0
evan_m_IJ,3,174921.0,1.0,0.0
AniNgAnnoys,3,444318.5,1.0,0.0
Shalaiyn,3,361911.0,1.0,0.0
puffic,3,301930.0,1.0,0.0
Repulsive-Volume2711,3,329867.0,1.0,0.0
leeta0028,3,344363.0,1.0,0.0
BO978051156,3,347301.0,1.0,0.0
gary_oldman_sachs,3,269719.0,1.0,0.0
jadebenn,3,142144.0,1.0,0.0
magneticanisotropy,3,149607.5,1.0,0.0
Antique-Entrance-229,3,483986.5,1.0,0.0
Suspicious-Bad4703,3,467121.5,1.0,0.0
karoelchi,3,160095.0,1.0,0.0
feed_meknowledge,3,35356.5,1.0,0.0
Orbitingkittenfarm,3,128266.0,1.0,0.0
johnnierockit,3,160151.0,1.0,0.0
bronzewtf,3,162550.5,1.0,0.0
I_who_have_no_need,3,138098.0,1.0,0.0
OkayButFoRealz,3,40098.0,1.0,0.0
Humpty_Dumps,3,28763.5,1.0,0.0
No_Discussion6913,3,78979.0,1.0,0.0
tasty_jams_5280,3,135051.5,1.0,0.0
WyoFileNews,3,133763.0,1.0,0.0
newfrontier58,3,121959.5,1.0,0.0
soalone34,3,42704.0,1.0,0.0
dabidabidu2,3,102438.5,1.0,0.0
skypilo,3,108234.0,1.0,0.0
4920185,3,120519.0,1.0,0.0
countraagh,3,116267.5,1.0,0.0
theatlantic,3,89042.0,1.0,0.0
rollingstone,3,3896.5,1.0,0.0
jazzjustice,3,73700.5,1.0,0.0
ShowerFriendly9059,3,42322.0,1.0,0.0
SE_to_NW,3,1164.0,1.0,0.0
SubjectInevitable650,3,79220.0,1.0,0.0
ralphbernardo,3,45564.5,1.0,0.0
washingtonpost,3,44693.5,1.0,0.0
juspassingby,3,22649.5,1.0,0.0
leadhd,3,25348.5,1.0,0.0
GothamistWNYC,3,10211.5,1.0,0.0
speakhyroglyphically,3,1176733.5,1.0,0.0
Tiny-Wheel5561,3,206879.0,1.0,0.0
padraigd,3,1346243.0,1.0,0.0
Dxmndxnie1,3,386804.0,1.0,0.0
OkHeart8476,3,604977.5,1.0,0.0
BigBeansBigBalls,3,173365.0,1.0,0.0
2slow3me,3,384926.0,1.0,0.0
SittingTonka,3,80882.0,1.0,0.0
Shaposhnikovsky227,3,422094.0,1.0,0.0
Material-Put5549,3,617168.5,1.0,0.0
SadPandaFromHell,3,448258.5,1.0,0.0
Staedert,3,472754.5,1.0,0.0
Ornery_Character_657,3,43158.5,1.0,0.0
FitAd5739,3,433994.5,1.0,0.0
Holiday-Ad8875,3,167083.0,1.0,0.0
curvesandnerds,3,916337.5,1.0,0.0
zerooskul,3,2102247.5,1.0,0.0
Sad_Ad592,3,2818492.5,1.0,0.33333333333333337
albuza,3,1991658.5,1.0,0.0
SevereCommittee82,3,3109444.0,1.0,0.0
fryedmonkey,3,2158252.5,1.0,0.0
sgtbluefire77,3,148796.5,1.0,0.0
ZampyZero,3,1865891.0,1.0,0.0
DomLaf,3,22896.5,1.0,0.0
pajaro_nalgon,3,1374733.0,1.0,0.0
WolfedWhale,3,261494.5,1.0,0.0
Alexius_Psellos,3,2040045.5,1.0,0.0
unclejedsiron,3,772735.0,1.0,0.0
sugnimmingus,3,2237729.0,1.0,0.0
CaulkSmooch,3,1933879.0,1.0,0.0
ApprehensiveMap8875,3,162189.0,1.0,0.0
0i_ix,3,395074.0,1.0,0.0
Hentailing,3,209683.0,1.0,0.0
rockthatrocks,3,503907.5,1.0,0.0
Intanetwaifuu,2,5360482.0,1.0,0.0
Kaizerdave,2,2510138.0,1.0,0.0
Calm-Pangolin6583,2,8405982.0,1.0,0.0
MorphingReality,2,782561.0,1.0,0.0
truth14ful,2,491683.0,1.0,0.0
Big-Investigator8342,2,1728349.0,1.0,0.0
FroggstarDelicious,2,1720209.0,1.0,0.0
Anokiio,2,15559.0,1.0,0.0
AgentR-gov,2,61221.0,1.0,0.0
Thangbrand,2,7081513.0,1.0,0.0
LavaPlug4Bowser,2,130673.0,1.0,0.0
glasstwin,2,464728.0,1.0,0.0
Legitimate-Ask5987,2,574789.0,1.0,0.0
NoGoodAtIncognito,2,2071299.0,1.0,0.0
No_Author_9683,2,4147937.0,1.0,0.0
Content_Ad2226,2,179311.0,1.0,0.0
Bill-The-Autismal,2,3018814.0,1.0,0.0
JuhpPug,2,637315.0,1.0,0.0
KathrinYTComrade,2,6315857.0,1.0,0.0
Low-Zombie-8657,2,871.0,1.0,0.5
newnewengland,2,1666348.0,1.0,0.0
johnsmithoncemore,2,6793515.0,1.0,0.0
Comrade_Rybin,2,5995613.0,1.0,0.0
Lizrd_demon,2,385998.0,1.0,0.0
vectorbes,2,5616253.0,1.0,0.0
GlassAd4132,2,4051839.0,1.0,0.0
GregGraffin23,2,3758749.0,1.0,0.0
prar83,2,4502080.0,1.0,0.0
Worldly-Weather8214,2,693090.0,1.0,0.0
AlternativePlate7201,2,3294839.0,1.0,0.0
DrMisterius,2,170305.0,1.0,0.0
RunDiscombobulated67,2,2429769.0,1.0,0.0
rottingbitchh,2,441846.0,1.0,0.0
veganarchistxxx,2,1599568.0,1.0,0.0
humanispherian,2,602711.0,1.0,0.0
the-unwritten,2,169947.0,1.0,0.0
Lucky_Strike-85,2,3629217.0,1.0,0.0
BenevolentAnonymity,2,1397001.0,1.0,0.0
J4ck13_,2,2441274.0,1.0,0.0
Careless_Success_282,2,4068113.0,1.0,0.0
Smooth_Leopard4725,2,29060.0,1.0,0.0
TJKmain,2,56.0,1.0,0.0
theregoesfugo,2,1031227.0,1.0,0.0
TheRealLuckyBlackCat,2,1820550.0,1.0,0.0
tomsussybi,2,606292.0,1.0,0.0
CoolRepresentative65,2,598.0,1.0,0.0
FeistyMeasurement579,2,344503.0,1.0,0.0
Inside-Chip-7952,2,59240.0,1.0,0.0
Vibranium2222,2,122730.0,1.0,0.0
Unusual-Sir-4192,2,12074.0,1.0,0.0
Acceptable_Team_9479,2,13304.0,1.0,0.0
Floridaavacado74,2,89142.0,1.0,0.0
Dodge_Splendens,2,327778.0,1.0,0.0
Opposite_Public6428,2,412212.0,1.0,0.0
theboss2461,2,349097.0,1.0,0.0
AntiBaghdadi,2,352010.0,1.0,0.0
Less-Cap-4469,2,504226.0,1.0,0.0
MathMan1982,2,60627.0,1.0,0.0
CallMeCraizy,2,1123485.0,1.0,0.0
TwoBricksShort,2,281736.0,1.0,0.0
sleepinglucid,2,10119.0,1.0,0.0
MoreFires,2,78150.0,1.0,0.5
BarrelStrawberry,2,27327.0,1.0,0.0
superfakesuperfake,2,360668.0,1.0,0.0
PaintedBillboard,2,98.0,1.0,0.5
Juicyjackson,2,277136.0,1.0,0.0
p365x,2,155780.0,1.0,0.0
MadOblivion,2,262289.0,1.0,0.0
LF_JOB_IN_MA,2,3683.0,1.0,0.0
Timely_Car_4591,2,329137.0,1.0,0.0
CuppieWanKenobi,2,176631.0,1.0,0.0
Help_Me____-,2,36503.0,1.0,0.0
tacocookietime,2,212638.0,1.0,0.0
nostaticzone,2,8503.0,1.0,0.0
knutterchini,2,184492.0,1.0,0.0
jt7855,2,200492.0,1.0,0.0
SCOTUSjunkie,2,158619.0,1.0,0.0
DogeDuder,2,55888.0,1.0,0.0
LordRage2,2,87276.0,1.0,0.0
DEI_BombDefuser,2,130064.0,1.0,0.0
Peter_Lemonjell0,2,160598.0,1.0,0.0
Juract,2,63233.0,1.0,0.0
DoyleBrunson582,2,112066.0,1.0,0.0
hodgehegrain,2,84001.0,1.0,0.0
Celebril63,2,107671.0,1.0,0.0
Jibrish,2,625757.0,1.0,0.0
Right_Independent_71,2,9592.0,1.0,0.0
SlightWerewolf4428,2,253067.0,1.0,0.0
josh_bisig,2,1057590.0,1.0,0.0
The_Slaughter_Pop,2,608772.0,1.0,0.0
OwlfaceFrank,2,1100249.0,1.0,0.0
snarky_spice,2,10999978.0,1.0,0.0
icey_sawg0034,2,95256.0,1.0,0.0
RebelGrin,2,79851.0,1.0,0.0
liam-oneil,2,927901.0,1.0,0.0
ChilaquilesRojo,2,2873079.0,1.0,0.0
parakeetpoop,2,581985.0,1.0,0.0
ownlife909,2,219152.0,1.0,0.0
Infamous-Echo-3949,2,74393.0,1.0,0.0
strange_stairs,2,2741928.0,1.0,0.0
Tasty_Finger9696,2,692358.0,1.0,0.0
Atomm,2,369774.0,1.0,0.0
CO_Renaissance_Man,2,1790321.0,1.0,0.0
tsdguy,2,10996711.0,1.0,0.0
AskandThink,2,3293.0,1.0,0.0
Spotlight_James,2,69270.0,1.0,0.0
PuzzleheadedAsk6448,2,1889.0,1.0,0.0
ChampionshipNo5707,2,48050.0,1.0,0.0
Lostintheair22,2,573542.0,1.0,0.0
greysonhackett,2,159837.0,1.0,0.0
Round_Skill8057,2,2760404.0,1.0,0.0
proudtohavebeenbanne,2,7148287.0,1.0,0.0
KingBatman69,2,65637.0,1.0,0.0
dannelbaratheon,2,249462.0,1.0,0.0
rdking647,2,535516.0,1.0,0.0
manoteee,2,75104.0,1.0,0.0
Zero_Flesh,2,5906805.0,1.0,0.0
Horror-Dog4576,2,3790627.0,1.0,0.0
FrugaliciousEclectic,2,6539722.0,1.0,0.0
webguy1975,2,13713725.0,1.0,0.0
thereal237,2,2036660.0,1.0,0.0
d00derman,2,9661706.0,1.0,0.0
My1Thought,2,5329274.0,1.0,0.0
Big_Statistician2566,2,122981.0,1.0,0.0
Harrygohill,2,2415787.0,1.0,0.0
Maxcactus,2,778131.0,1.0,0.0
SpeeedyDelivery,2,2133377.0,1.0,0.0
That_Pay2931,2,791913.0,1.0,0.0
mounteverest04,2,1003589.0,1.0,0.0
TolaRat77,2,1653419.0,1.0,0.0
MaximusDM22,2,7124256.0,1.0,0.0
Prestigious_Pack4680,2,372662.0,1.0,0.0
IGottaKnit,2,4911906.0,1.0,0.0
_whatisthat_,2,528933.0,1.0,0.0
OilPainterintraining,2,111531.0,1.0,0.0
the_mist_maker,2,163573.0,1.0,0.0
oldguy76205,2,7949811.0,1.0,0.0
Stonecutter_12-83,2,7118613.0,1.0,0.0
snottrock3t,2,8129102.0,1.0,0.0
suziespends,2,4856901.0,1.0,0.0
jefuchs,2,4483687.0,1.0,0.0
anythingMuchShorter,2,442025.0,1.0,0.0
1pastafarian,2,88076.0,1.0,0.0
true_enthusiast,2,2932522.0,1.0,0.0
redder_ph,2,371794.0,1.0,0.0
AceTygraQueen,2,2010804.0,1.0,0.0
rayvenLunatic,2,16123.0,1.0,0.0
PsychLegalMind,2,426051.0,1.0,0.0
Visco0825,2,206605.0,1.0,0.0
TaylorSwiftian,2,321244.0,1.0,0.0
MrsBigglesworth-_-,2,513300.0,1.0,0.0
secondrunnerup,2,1799339.0,1.0,0.0
No-Average-5314,2,267104.0,1.0,0.0
American-Toe-Tickler,2,62940.0,1.0,0.0
tomcat91709,2,1425076.0,1.0,0.0
DrRubricArc,2,602290.0,1.0,0.0
snowflakerepellent,2,90731.0,1.0,0.0
FrameCareful1090,2,67096.0,1.0,0.0
CaptPotter47,2,514647.0,1.0,0.0
juliusnvincevega,2,91.0,1.0,0.5
Zealousideal-Top-958,2,249281.0,1.0,0.0
SignificantSnow1348,2,236537.0,1.0,0.0
Tazionuvolari1992,2,1303313.0,1.0,0.0
noone1968,2,862642.0,1.0,0.0
LakeLoverNo1,2,411273.0,1.0,0.0
Rsstywh,2,138038.0,1.0,0.0
overide,2,772698.0,1.0,0.0
NoImporta24,2,1306016.0,1.0,0.0
DeepThinker246,2,1233045.0,1.0,0.0
Better_Flow8952,2,375266.0,1.0,0.0
TheSittingTraveller,2,1395001.0,1.0,0.0
Prudence_Godwin,2,749176.0,1.0,0.0
Randomreddituser1o1,2,1093905.0,1.0,0.0
begin2,2,9952.0,1.0,0.0
Interesting-Guest246,2,85832.0,1.0,0.0
Suspicious-Tap2327,2,335580.0,1.0,0.0
Desert_Coyote99,2,362213.0,1.0,0.0
fedsmart1,2,596118.0,1.0,0.0
Odd-Sir-3070,2,52856.0,1.0,0.0
FlyFit9206,2,60755.0,1.0,0.0
Mmmm75,2,388187.0,1.0,0.0
HRobs256,2,173675.0,1.0,0.0
DanAdamsShow,2,221.0,1.0,0.0
baileyyxoxo,2,753206.0,1.0,0.0
Busta_BloodOmen,2,327466.0,1.0,0.0
strat1984,2,61371.0,1.0,0.0
BadJeanBon,2,1414.0,1.0,0.0
Australianfoo,2,148359.0,1.0,0.0
RNW1215,2,860993.0,1.0,0.0
West-Code4642,2,288871.0,1.0,0.0
Dandan0005,2,510962.0,1.0,0.0
Maleficent-Debt-9943,2,1493781.0,1.0,0.0
shadowsipp,2,4783.0,1.0,0.0
JoeGRC,2,1565400.0,1.0,0.0
ggbuttstead,2,736119.0,1.0,0.0
bandkidirl,2,1634710.0,1.0,0.0
jpcapone,2,1047436.0,1.0,0.0
aparallaxview,2,12686.0,1.0,0.0
KrystalPistol,2,433134.0,1.0,0.0
MrMockTurtle,2,693583.0,1.0,0.0
Parking_Truck1403,2,794321.0,1.0,0.0
mattpeloquin,2,529876.0,1.0,0.0
OhioRanger_1803,2,1310371.0,1.0,0.0
Jacksharkben,2,321493.0,1.0,0.0
bassistheplace246,2,950725.0,1.0,0.0
G0-G0-Gadget,2,92573.0,1.0,0.0
HeroOfNigita,2,183699.0,1.0,0.0
opheliainthedeep,2,153188.0,1.0,0.0
JPAnalyst,2,514301.0,1.0,0.0
ErockLobster,2,402537.0,1.0,0.0
H-B-G,2,700976.0,1.0,0.0
VarunTossa5944,2,527060.0,1.0,0.0
AlexWays,2,766443.0,1.0,0.0
Nice_Substance9123,2,815663.0,1.0,0.0
Wandering_News_Junky,2,173686.0,1.0,0.0
Greatgrandma2023,2,864036.0,1.0,0.0
WatchDog98,2,111139.0,1.0,0.0
indigopedal,2,45087.0,1.0,0.0
Lonely_Version_8135,2,1031.0,1.0,0.0
DarthPanda024,2,824526.0,1.0,0.0
IGUNNUK33LU,2,677825.0,1.0,0.0
arkatoz,2,109307.0,1.0,0.0
M795,2,79215.0,1.0,0.0
The-marx-channel,2,168500.0,1.0,0.0
Poltophagy_,2,140.0,1.0,0.0
joetaxpayer,2,7418.0,1.0,0.0
sassyclassy117,2,11615.0,1.0,0.0
redsunrush,2,135947.0,1.0,0.0
Theinfamousgiz,2,22540.0,1.0,0.0
TWOhunnidSIX,2,23618.0,1.0,0.0
Stormy31568,2,276972.0,1.0,0.0
Balarius,2,427198.0,1.0,0.0
Hoppy_Croaklightly,2,66652.0,1.0,0.0
gayroma,2,165148.0,1.0,0.0
Cold-Priority-2729,2,26978.0,1.0,0.0
Cisco324,2,79568.0,1.0,0.0
Cultural_Material_98,2,243465.0,1.0,0.0
jogarz,2,854985.0,1.0,0.0
Upstairs_Cup9831,2,780546.0,1.0,0.0
BastianMobile,2,31096.0,1.0,0.0
jojisky,2,510375.0,1.0,0.0
WAGRAMWAGRAM,2,6168.0,1.0,0.0
Zrk2,2,724320.0,1.0,0.0
karim12100,2,279946.0,1.0,0.0
govols130,2,1018576.0,1.0,0.0
College_Prestige,2,784484.0,1.0,0.0
Unlevered_Beta,2,722736.0,1.0,0.0
omnipotentsandwich,2,36617.0,1.0,0.0
Maleficent-Elk-6860,2,168516.0,1.0,0.0
Daddy_Macron,2,526789.0,1.0,0.0
Sneaky_Donkey,2,74137.0,1.0,0.0
Borysk5,2,345469.0,1.0,0.0
datums,2,801816.0,1.0,0.0
VillyD13,2,807530.0,1.0,0.0
GelatoJones,2,434925.0,1.0,0.0
fellinsoccer14,2,141865.0,1.0,0.0
JeromesNiece,2,431879.0,1.0,0.0
Pikamander2,2,450732.0,1.0,0.0
Bhartrhari,2,186975.0,1.0,0.0
Longjumping_Gain_807,2,605222.0,1.0,0.0
mattyjoe0706,2,259617.0,1.0,0.0
efeldman11,2,118114.0,1.0,0.0
Professional_Sky8697,2,42848.0,1.0,0.0
WandangleWrangler,2,229895.0,1.0,0.0
usrname42,2,245597.0,1.0,0.0
trombonist_formerly,2,84787.0,1.0,0.0
Currymvp2,2,350131.0,1.0,0.0
Purple_Bend8151,2,227082.0,1.0,0.0
adamr_,2,104489.0,1.0,0.0
West_Pomegranate_399,2,27554.0,1.0,0.0
IgnoreThisName72,2,84118.0,1.0,0.0
Senzo__,2,20432.0,1.0,0.0
Witty_Heart_9452,2,117030.0,1.0,0.0
Top_Lime1820,2,103665.0,1.0,0.0
loyaltodark,2,47847.0,1.0,0.0
Bladerunner2028,2,385.0,1.0,0.0
DecisionVisible7028,2,115963.0,1.0,0.0
brithus,2,23065.0,1.0,0.0
Kaylee0102,2,342451.0,1.0,0.0
kirby__000,2,162304.0,1.0,0.0
theindependentonline,2,255029.0,1.0,0.0
cuspofgreatness,2,254254.0,1.0,0.0
harsh2k5,2,273250.0,1.0,0.0
statenislandadvance,2,8101.0,1.0,0.0
GonzoVeritas,2,262511.0,1.0,0.0
HellYeahDamnWrite,2,113543.0,1.0,0.0
TSHRED56,2,66884.0,1.0,0.0
Beautiful_Battle6622,2,271859.0,1.0,0.0
thenewrepublic,2,259617.0,1.0,0.0
WaytMen26,2,172214.0,1.0,0.0
CBSnews,2,225955.0,1.0,0.0
JannTosh50,2,135607.0,1.0,0.0
brave_plank,2,597.0,1.0,0.0
BelleAriel,2,61215.0,1.0,0.0
Fatimamohammadi_,2,86878.0,1.0,0.0
Trainrideviews,2,5875.0,1.0,0.0
goyabean,2,7445.0,1.0,0.0
SnoozeDoggyDog,2,184149.0,1.0,0.0
Mother_Task_2708,2,196310.0,1.0,0.0
AndroidOne1,2,69144.0,1.0,0.0
Effective_Salad_8381,2,23341.0,1.0,0.0
Jay_CD,2,79145.0,1.0,0.0
statnews,2,178704.0,1.0,0.0
Teacher-Investor,2,51643.0,1.0,0.0
mwkingSD,2,169572.0,1.0,0.0
CuddlyWuddly0,2,74399.0,1.0,0.0
kinshoBanhammer,2,102883.0,1.0,0.0
Positive_Owl_2024,2,172031.0,1.0,0.0
malcolm58,2,86896.0,1.0,0.0
Jordan_WUSA9,2,68365.0,1.0,0.0
Jessicas_skirt,2,48814.0,1.0,0.0
real_ikonn,2,86214.0,1.0,0.0
ClassOptimal7655,2,10665.0,1.0,0.0
anstromm,2,36263.0,1.0,0.0
CaptOblivious,2,20592.0,1.0,0.0
chrondotcom,2,12636.0,1.0,0.0
thisisinsider,2,7750.0,1.0,0.0
irish_fellow_nyc,2,6829.0,1.0,0.0
Eat_the_Rich1789,2,31411.0,1.0,0.0
19thnews,2,5417.0,1.0,0.0
PM_THE_REAPER,2,33.0,1.0,0.0
Many_Security4319,2,6302.0,1.0,0.0
Wrong-Ad-1921,2,408016.0,1.0,0.0
JJSeaweed,2,838458.0,1.0,0.0
TheKeyIsUnderTheMat,2,32656.0,1.0,0.0
Conscious_State2096,2,769249.0,1.0,0.0
Yacht_Taxing_Unit,2,361127.0,1.0,0.0
andyjmart,2,529519.0,1.0,0.0
ThatFireDude,2,265648.0,1.0,0.0
Fair-Economist-7773,2,912886.0,1.0,0.0
Here-Together,2,3628256.0,1.0,0.0
DullPlatform22,2,329729.0,1.0,0.0
aesthepodcast,2,2424500.0,1.0,0.0
hi8080,2,104066.0,1.0,0.0
Mindless-Rutabaga-79,2,2835625.0,1.0,0.0
Various-Professor551,2,2999181.0,1.0,0.0
No-Explorer-8229,2,1400114.0,1.0,0.0
idk23876,2,1298312.0,1.0,0.0
Swimming-Purchase-88,2,2073509.0,1.0,0.0
Amazing_Egg7189,2,865121.0,1.0,0.0
photoshproter,2,1617225.0,1.0,0.0
Mean-Mechanic-5947,2,75524.0,1.0,0.0
TJ736,2,1687362.0,1.0,0.0
uelquis,2,240159.0,1.0,0.0
NoOutlandishness3356,2,107.0,1.0,0.0
SKTPanda,2,677663.0,1.0,0.0
Revolutionary_Way898,2,252867.0,1.0,0.0
EpicThunderCat,2,90115.0,1.0,0.0
Flimsy_Reach_930,2,683327.0,1.0,0.0
RocketSocket765,2,246036.0,1.0,0.0
tm229,2,2409879.0,1.0,0.0
jbearclaw12,2,1605559.0,1.0,0.0
NierTheEdgeRN,2,114120.0,1.0,0.0
CriticalandPragmatic,2,105151.0,1.0,0.0
EffectiveCable9468,2,365.0,1.0,0.0
Rsaltori,2,1978731.0,1.0,0.0
TheCake4Youtube,2,147007.0,1.0,0.0
thenorthremembers110,2,161317.0,1.0,0.0
BythelighthouseinDN,2,1459137.0,1.0,0.0
upholdhamsterthought,2,956203.0,1.0,0.0
Spoofy_Dangle,2,159162.0,1.0,0.0
rosemaryrouge,2,778451.0,1.0,0.0
AdCivil7398,2,597765.0,1.0,0.0
LuckyStatistician144,2,96828.0,1.0,0.0
ThaPerseverant,2,1134353.0,1.0,0.0
Adventurous_Ad_2765,2,226135.0,1.0,0.0
FreeCelebration382,2,876470.0,1.0,0.0
VuDuBaBy,2,693262.0,1.0,0.0
Sparemelove,2,211485.0,1.0,0.0
karina_thornton,2,879.0,1.0,0.0
Crazy_Explosion_Girl,2,562.0,1.0,0.0
bobAnddole,2,4498745.0,1.0,0.0
Acrobatic_Hyena_2627,2,3164122.0,1.0,0.0
Not_so_ghetto,2,2313702.0,1.0,0.0
Mr_Hungry4more,2,175554.0,1.0,0.0
Lascivious_Art,2,682236.0,1.0,0.0
VETEMENTScominsoon,2,5695903.0,1.0,0.0
No_Meal_350,2,101.0,1.0,0.0
bhexca,2,70859.0,1.0,0.0
ForisForis,2,1962070.0,1.0,0.0
RedX2000,2,1136532.0,1.0,0.0
TheSensualPencil,2,3978440.0,1.0,0.0
Pristine-Surprise483,2,5355443.0,1.0,0.0
Th3MexicanPower,2,1634654.0,1.0,0.0
Interested_in_cells,2,9860.0,1.0,0.0
Enter_Evolution,2,1647511.0,1.0,0.0
Perfect_Phrase_4334,2,107276.0,1.0,0.0
AllThisIsBonkers,2,2060474.0,1.0,0.0
Victob1,2,2905704.0,1.0,0.0
Glass-Cheesecake6230,2,165238.0,1.0,0.0
NotADirtyRat,2,85833.0,1.0,0.0
Human_Ork,2,2740625.0,1.0,0.0
SimplyUnreal,2,164287.0,1.0,0.0
sgt_happy,2,1637616.0,1.0,0.0
Douhg,2,177082.0,1.0,0.0
Powerful_Ad_7881,2,66300.0,1.0,0.0
NaughtySketchArt,2,72545.0,1.0,0.0
LargeBreasts69,2,1554640.0,1.0,0.0
StunningCoach4911,2,108.0,1.0,0.0
JoeyBagOWaffles,2,690740.0,1.0,0.0
FootFun1404,2,1605.0,1.0,0.0
uwillnotgotospace,2,332371.0,1.0,0.0
brightcog1000,2,354643.0,1.0,0.0
RecommendationShotz,2,15360.0,1.0,0.0
NewMunicipalAgenda,1,,1.0,0.0
NoBackground7266,1,,1.0,0.0
Jewstun,1,,1.0,0.0
somber_autumn,1,,1.0,0.0
femboysRlife72,1,,1.0,0.0
tzaeru,1,,1.0,0.0
GoofyAhh313,1,,1.0,0.0
antifacistandproud,1,,1.0,0.0
Creative-Flatworm297,1,,1.0,0.0
NoExceptions1312,1,,1.0,0.0
campbellscrambles,1,,1.0,0.0
InternalAbroad8491,1,,1.0,0.0
Central_JohnBradford,1,,1.0,0.0
Art-X-,1,,1.0,0.0
FoxTailMoon,1,,1.0,0.0
Thiasus1,1,,1.0,0.0
zenmasterdredd,1,,1.0,0.0
AdventurousAverage11,1,,1.0,0.0
Wumbo_Chumbo,1,,1.0,0.0
GrungeSeabunny,1,,1.0,0.0
soberpunk,1,,1.0,0.0
anarcho-slut,1,,1.0,0.0
DarkSouIs17,1,,1.0,0.0
Ok-Box8158,1,,1.0,0.0
Living_Papaya_7793,1,,1.0,0.0
Long-Interaction8848,1,,1.0,0.0
Euphoric-Mood5229,1,,1.0,0.0
Salt_Helicopter1982,1,,1.0,0.0
Jia161,1,,1.0,0.0
MelodicDeathGrowl,1,,1.0,0.0
Secure-Act-7650,1,,1.0,0.0
handsomedad,1,,1.0,0.0
Mysterious_Clock_943,1,,1.0,0.0
dpeaceYT,1,,1.0,0.0
MachinaExEthica,1,,1.0,0.0
kimonoko,1,,1.0,0.0
Faeldar2223,1,,1.0,0.0
amadan_an_iarthair,1,,1.0,0.0
ocherthulu,1,,1.0,0.0
LouisThinksAlot,1,,1.0,0.0
NekonikonPunk,1,,1.0,0.0
Kortal-Mombat,1,,1.0,0.0
MCUnknowngotbarz,1,,1.0,0.0
GiftToTheUniverse,1,,1.0,0.0
FriendshipBorn929,1,,1.0,0.0
Cold_Platypus_2104,1,,1.0,0.0
Aleor_28,1,,1.0,0.0
ceropoint,1,,1.0,0.0
alcoholichomogeneous,1,,1.0,0.0
Berito666,1,,1.0,0.0
spongebob_quarepants,1,,1.0,0.0
neperian_logarithm,1,,1.0,0.0
pinchepinata,1,,1.0,0.0
desideratafilm,1,,1.0,0.0
Silly-Position-6259,1,,1.0,0.0
autonomommy,1,,1.0,0.0
kinvore,1,,1.0,0.0
MrCaptainDickbutt,1,,1.0,0.0
ButterscotchThick576,1,,1.0,0.0
Quantinilification,1,,1.0,0.0
SystemicAnarchy,1,,1.0,0.0
MostPsychological602,1,,1.0,0.0
PoetAccountant,1,,1.0,0.0
Neon-Algae3791,1,,1.0,0.0
Buffaloman2001,1,,1.0,0.0
BorisDaCommie,1,,1.0,0.0
AssortedGourds,1,,1.0,0.0
VoluntaryViola,1,,1.0,0.0
OwlHeart108,1,,1.0,0.0
plain_ass_username,1,,1.0,0.0
LivGames17,1,,1.0,0.0
pean-,1,,1.0,0.0
blue_cherrypie,1,,1.0,0.0
hi-my-name-is-not,1,,1.0,0.0
Comfortable-Bag7100,1,,1.0,0.0
amo928,1,,1.0,0.0
Aggressive-Tale6363,1,,1.0,0.0
sharpteethx,1,,1.0,0.0
ZealousidealAd7228,1,,1.0,0.0
Exciting_Chapter4534,1,,1.0,0.0
just_a_kat_161,1,,1.0,0.0
Poulutumurnu,1,,1.0,0.0
Hefty_Rich6269,1,,1.0,0.0
Iggy6Jay,1,,1.0,0.0
Hamiiitha,1,,1.0,0.0
Emergency_Okra_2466,1,,1.0,0.0
Ofishal_Fish,1,,1.0,0.0
KelbyTheWriter,1,,1.0,0.0
transcendent167,1,,1.0,0.0
MiroWiggin,1,,1.0,0.0
split1221,1,,1.0,0.0
incogkneegrowth,1,,1.0,0.0
runningagainstwind88,1,,1.0,0.0
thejuryissleepless,1,,1.0,0.0
curiouscat-rebirthed,1,,1.0,0.0
20chocolatethunda,1,,1.0,0.0
bratslava_bratwurst,1,,1.0,0.0
50501-supporter,1,,1.0,0.0
PMmePowerRangerMemes,1,,1.0,0.0
twodaywillbedaisy,1,,1.0,0.0
AddictedTrainwreck,1,,1.0,0.0
ShirazGypsy,1,,1.0,0.0
tinyrevolutions45,1,,1.0,0.0
Grootdrew,1,,1.0,0.0
lovelylittleanon,1,,1.0,0.0
Foronerd,1,,1.0,0.0
The-Greythean-Void,1,,1.0,0.0
EndColonization,1,,1.0,0.0
Muted_Guarantee3105,1,,1.0,0.0
blueberry_cupcake647,1,,1.0,0.0
Informal-Drawing692,1,,1.0,0.0
o0oo00o0o,1,,1.0,0.0
HealingWithNature,1,,1.0,0.0
Pebblesfsharpclaw,1,,1.0,0.0
baconfriedpork,1,,1.0,0.0
EndTimesBeUponYe,1,,1.0,0.0
Double-Plan-9099,1,,1.0,0.0
FlintCityTimes,1,,1.0,0.0
No_Silver_8933,1,,1.0,0.0
BiBitch144,1,,1.0,0.0
UndoneCrystal,1,,1.0,0.0
Kcufuoyyhcrana,1,,1.0,0.0
CajunLogicalEthics,1,,1.0,0.0
chaotiw0rm,1,,1.0,0.0
hangnail-six-bucks,1,,1.0,0.0
NewTrainOfThought,1,,1.0,0.0
False_Cream_5453,1,,1.0,0.0
clarkky55,1,,1.0,0.0
DangerousGain1939,1,,1.0,0.0
Ancom_Acab_987435987,1,,1.0,0.0
sid-research,1,,1.0,0.0
King0fDairyQueen,1,,1.0,0.0
justababydontbemean,1,,1.0,0.0
Buffaloney84,1,,1.0,0.0
yourupinion,1,,1.0,0.0
AussieOzzy,1,,1.0,0.0
gradientusername,1,,1.0,0.0
Fast-Manufacturer381,1,,1.0,0.0
lastonelater,1,,1.0,0.0
SaveDnet-FRed0,1,,1.0,0.0
Unfortunateprune,1,,1.0,0.0
MadeUp762,1,,1.0,0.0
Active_Ad_3377,1,,1.0,0.0
Choice-Birthday-2235,1,,1.0,0.0
urban_primitive,1,,1.0,0.0
Odd-Quality-11,1,,1.0,0.0
emergy_2477,1,,1.0,0.0
pksanti,1,,1.0,0.0
RPG_boi,1,,1.0,0.0
throwaway_acc1312,1,,1.0,0.0
FoodNotBombsBen,1,,1.0,0.0
IntelligentPeace4090,1,,1.0,0.0
domicus8,1,,1.0,0.0
rankpapers,1,,1.0,0.0
ProfilePrudent3879,1,,1.0,0.0
pussylicious420,1,,1.0,0.0
k4lipso,1,,1.0,0.0
blackodethilaEnjoyer,1,,1.0,0.0
thewanderingseeker,1,,1.0,0.0
Prior-Influence-1080,1,,1.0,0.0
eliaspowers,1,,1.0,0.0
Hydr0g3n_I0dide,1,,1.0,0.0
throwaway_7226,1,,1.0,0.0
anarchabunbun,1,,1.0,0.0
BusComprehensive9188,1,,1.0,0.0
igomarsound,1,,1.0,0.0
AmarzzAelin,1,,1.0,0.0
JuanofLeiden,1,,1.0,0.0
21stcenturydiyboy,1,,1.0,0.0
frog_shiz,1,,1.0,0.0
LacedUpBeatDown,1,,1.0,0.0
TaterTatras,1,,1.0,0.0
cinnatwirls,1,,1.0,0.0
Fire-Haus,1,,1.0,0.0
Humpbackweyl,1,,1.0,0.0
PrestigiousEnd3753,1,,1.0,0.0
Ok_Boysenberry_7245,1,,1.0,0.0
Liberte_ouvriere,1,,1.0,0.0
Chocolate_Milky_Way,1,,1.0,0.0
AnarchoTechBitch,1,,1.0,0.0
purevndlsm,1,,1.0,0.0
Anarchoprofemes,1,,1.0,0.0
yeahbitchmagnet,1,,1.0,0.0
wrmredsugar,1,,1.0,0.0
Fabulous-Tadpole-520,1,,1.0,0.0
archbid,1,,1.0,0.0
elizabethuhhhh,1,,1.0,0.0
Capable_Specialist35,1,,1.0,0.0
RosethornRanger,1,,1.0,0.0
PepperBoggz,1,,1.0,0.0
GoblinModeMedia,1,,1.0,0.0
CatTurtleKid,1,,1.0,0.0
AnomalousGravitation,1,,1.0,0.0
SadWillow64,1,,1.0,0.0
Educational_Frame_46,1,,1.0,0.0
sixthousandfrogs,1,,1.0,0.0
jqpeub,1,,1.0,0.0
arni_ca,1,,1.0,0.0
Alien-Squirrel,1,,1.0,0.0
SoBeAngryAtYourSelf,1,,1.0,0.0
PeasAndLoaf,1,,1.0,0.0
jacobfreakinmudd,1,,1.0,0.0
Child-Of-The-Vault,1,,1.0,0.0
Rude-Pension-5167,1,,1.0,0.0
GroundbreakingWeb360,1,,1.0,0.0
Funny_whooper,1,,1.0,0.0
Fantastic_Flight_553,1,,1.0,0.0
Silver-Statement8573,1,,1.0,0.0
SammySterling813,1,,1.0,0.0
Educational_Fact3946,1,,1.0,0.0
Simple-Term7772,1,,1.0,0.0
hamsterdamc,1,,1.0,0.0
usernameqwerty005,1,,1.0,0.0
mkzariel,1,,1.0,0.0
J20142018,1,,1.0,0.0
Joe_Hillbilly_816,1,,1.0,0.0
victoriachan365,1,,1.0,0.0
TheWikstrom,1,,1.0,0.0
LilBoiDenmark,1,,1.0,0.0
Plenty-Grass2544,1,,1.0,0.0
Odd-Union-2575,1,,1.0,0.0
Queerlestrinha,1,,1.0,0.0
filapoptosi,1,,1.0,0.0
GrahminRadarin,1,,1.0,0.0
Probstalexandr_,1,,1.0,0.0
Gloomy_Magician_536,1,,1.0,0.0
papuprogamer666,1,,1.0,0.0
focustrader,1,,1.0,0.0
Agent_W4shington,1,,1.0,0.0
SeianVerian,1,,1.0,0.0
sweet_crab,1,,1.0,0.0
StrawbraryLiberry,1,,1.0,0.0
Spirited_Peach_8776,1,,1.0,0.0
Remster123,1,,1.0,0.0
LadyFett555,1,,1.0,0.0
Ensavil,1,,1.0,0.0
CorporalUnicorn,1,,1.0,0.0
Liminal_Space613,1,,1.0,0.0
kwestionmark5,1,,1.0,0.0
thegreatself,1,,1.0,0.0
No_External4290,1,,1.0,0.0
brainzombi3,1,,1.0,0.0
melWud,1,,1.0,0.0
Afraid-Lychee-4452,1,,1.0,0.0
Nerio_Fenix,1,,1.0,0.0
TheSurfingGoth,1,,1.0,0.0
TenthSpeedWriter,1,,1.0,0.0
GeorgeGervinTheGOAT,1,,1.0,0.0
Magical_Star_Dust,1,,1.0,0.0
GentleMicrocosm,1,,1.0,0.0
ScrabCrab,1,,1.0,0.0
No_Tea3197,1,,1.0,0.0
yungsxccubus,1,,1.0,0.0
RiotDoggo,1,,1.0,0.0
yacantprayawaythegay,1,,1.0,0.0
RepresentativeAir723,1,,1.0,0.0
justgotone1question,1,,1.0,0.0
No_Understanding6177,1,,1.0,0.0
Forgotten_Ahmad,1,,1.0,0.0
chriswilliams1,1,,1.0,0.0
Least-Bear3882,1,,1.0,0.0
utka-malyutka,1,,1.0,0.0
SecretlyAurora,1,,1.0,0.0
BradCowDisease,1,,1.0,0.0
alittlebitgay21,1,,1.0,0.0
icarusrising9,1,,1.0,0.0
revolution_resolve,1,,1.0,0.0
DiogenesD0g,1,,1.0,0.0
crab_boy_1,1,,1.0,0.0
jaitun_,1,,1.0,0.0
TheQuietPartYT,1,,1.0,0.0
BiomechTechnical,1,,1.0,0.0
karlbenedict12,1,,1.0,0.0
Zealousideal-Ant8463,1,,1.0,0.0
crumpledcactus,1,,1.0,0.0
pencil_212,1,,1.0,0.0
janalisin,1,,1.0,0.0
dannyfinker,1,,1.0,0.0
bruuuuuuuuuuuuuuuh,1,,1.0,0.0
K_bydgoszcz,1,,1.0,0.0
Saphira6,1,,1.0,0.0
anothercryptokitty,1,,1.0,0.0
Brave_Travel_5364,1,,1.0,0.0
Unhappy-Plum-2597,1,,1.0,0.0
TheBlackCat268,1,,1.0,0.0
thewordisforest,1,,1.0,0.0
DrPappa,1,,1.0,0.0
Key-Gas-3301,1,,1.0,0.0
FancyPerspective5693,1,,1.0,0.0
Non-Real_Entity,1,,1.0,0.0
Swimming-Credit7058,1,,1.0,0.0
ComprehensiveCrab50,1,,1.0,0.0
Worried-Fee-736,1,,1.0,0.0
Deathofimperialists,1,,1.0,0.0
SethCharette,1,,1.0,0.0
Maximum_Spend3199,1,,1.0,0.0
Low-School-1829,1,,1.0,0.0
Senior_Ad_6799,1,,1.0,0.0
Tyrant45-,1,,1.0,0.0
Hiraethum,1,,1.0,0.0
thatsecondguywhoraps,1,,1.0,0.0
sleepy_din0saur,1,,1.0,0.0
Puzzleheaded_Tree290,1,,1.0,0.0
Electronic_Mind28,1,,1.0,0.0
Tanger400,1,,1.0,0.0
Zelon1,1,,1.0,0.0
fipat,1,,1.0,0.0
wearethepeople_5,1,,1.0,0.0
realmefron,1,,1.0,0.0
Brave_Charity323,1,,1.0,0.0
Strawb3rryJam111,1,,1.0,0.0
meowwmeow1,1,,1.0,0.0
infl1ct1on,1,,1.0,0.0
LonelyFa4675,1,,1.0,0.0
squirrelkid00,1,,1.0,0.0
Ok-Pineapple7480,1,,1.0,0.0
JLS_infinesse,1,,1.0,0.0
The-Lord_ofHate,1,,1.0,0.0
xtc_dwarf,1,,1.0,0.0
Hircus2,1,,1.0,0.0
chronic314,1,,1.0,0.0
Significant-Pin162,1,,1.0,0.0
TheAmericanPericles,1,,1.0,0.0
PlatformVegetable887,1,,1.0,0.0
Rhyelm,1,,1.0,0.0
BluePony1952,1,,1.0,0.0
tufyufyu,1,,1.0,0.0
OtterinTrenchCoat,1,,1.0,0.0
Beautiful-Shallot943,1,,1.0,0.0
AnonymousDouglas,1,,1.0,0.0
NecessaryBorn5543,1,,1.0,0.0
pasture2future,1,,1.0,0.0
squeakyspacetraveler,1,,1.0,0.0
Feisty_Journalist362,1,,1.0,0.0
CiconiaBorn,1,,1.0,0.0
QuietSiren8,1,,1.0,0.0
SerialExperimentsPT,1,,1.0,0.0
need-help-ic,1,,1.0,0.0
CollapseBy2022,1,,1.0,0.0
fk_da_police420,1,,1.0,0.0
palmosea,1,,1.0,0.0
ELeeMacFall,1,,1.0,0.0
innerdyllicart,1,,1.0,0.0
technocraticnihilist,1,,1.0,0.0
geumkoi,1,,1.0,0.0
oromex,1,,1.0,0.0
sinuezebmb970,1,,1.0,0.0
crazymusicman,1,,1.0,0.0
fivespeed,1,,1.0,0.0
MaxtheSquid7,1,,1.0,0.0
vox-anarch,1,,1.0,0.0
UpwardsStream,1,,1.0,0.0
Miscalamity,1,,1.0,0.0
just-_-trash,1,,1.0,0.0
Needsupgrade,1,,1.0,0.0
MrBunnyGif,1,,1.0,0.0
CobaltPoppyCat,1,,1.0,0.0
molotovcocktease_,1,,1.0,0.0
KitchenSuch1478,1,,1.0,0.0
CHRISCHANDIDWHAT,1,,1.0,0.0
Weekly-Meal-8393,1,,1.0,0.0
Anomander2000,1,,1.0,0.0
Karuna_free_us_all,1,,1.0,0.0
KefirFan,1,,1.0,0.0
CommunalistLibrary,1,,1.0,0.0
BIGTIDYLUVER,1,,1.0,0.0
Chobeat,1,,1.0,0.0
Wangman72,1,,1.0,0.0
International-Cup143,1,,1.0,0.0
Competitive-Body724,1,,1.0,0.0
constantderp,1,,1.0,0.0
bunnysan45,1,,1.0,0.0
an-com-42,1,,1.0,0.0
jotundaggers,1,,1.0,0.0
PMM-music,1,,1.0,0.0
6I6AM6,1,,1.0,0.0
Top_Bus9467,1,,1.0,0.0
iCatalinul,1,,1.0,0.0
Lamont-Cranston,1,,1.0,0.0
GenderDeputy,1,,1.0,0.0
Sabbatsoldforah,1,,1.0,0.0
NotUrMum77,1,,1.0,0.0
snifferpipers,1,,1.0,0.0
TomsCancer,1,,1.0,0.0
mamalona4747,1,,1.0,0.0
anon4747583,1,,1.0,0.0
chronically-iconic,1,,1.0,0.0
Excittone,1,,1.0,0.0
CockroachNo4178,1,,1.0,0.0
AlexandreAnne2000,1,,1.0,0.0
Harry_Darrow,1,,1.0,0.0
Neko-tama,1,,1.0,0.0
KakoTacoWacko,1,,1.0,0.0
Housing_Justice,1,,1.0,0.0
TheBreadRevolution,1,,1.0,0.0
facePlantDiggidy,1,,1.0,0.0
AxiomC,1,,1.0,0.0
disqersive,1,,1.0,0.0
LucianoLetsLose,1,,1.0,0.0
Coffee_and_cereals,1,,1.0,0.0
voiceunearthed,1,,1.0,0.0
Qdothms,1,,1.0,0.0
killevilfoetus,1,,1.0,0.0
jendestan,1,,1.0,0.0
ansyhrrian,1,,1.0,0.0
pickeraparter,1,,1.0,0.0
Apprehensive_Job7348,1,,1.0,0.0
ballinthebubble,1,,1.0,0.0
Coldmaster99,1,,1.0,0.0
Pretend_Slip3459,1,,1.0,0.0
Alarming_Maybe,1,,1.0,0.0
NapalmTrenchFougasse,1,,1.0,0.0
Eurasian1917,1,,1.0,0.0
pirateclownpunx,1,,1.0,0.0
0neDividedbyZer0,1,,1.0,0.0
arcowank,1,,1.0,0.0
Forsaken_Map,1,,1.0,0.0
stargazerfish0_,1,,1.0,0.0
OneMoreTime9900,1,,1.0,0.0
ADavidJohnson,1,,1.0,0.0
thatjoachim,1,,1.0,0.0
JudahPlayzGamingYT,1,,1.0,0.0
Vegetable-Pop-2877,1,,1.0,0.0
Sisyphus95,1,,1.0,0.0
bugsbunye,1,,1.0,0.0
felharr,1,,1.0,0.0
Soymilk_Gun420,1,,1.0,0.0
Grassidius_Fike,1,,1.0,0.0
NoTePierdas,1,,1.0,0.0
ConorKostick,1,,1.0,0.0
emotionalemesis,1,,1.0,0.0
FonkinWitDaMac,1,,1.0,0.0
Jacky0wl,1,,1.0,0.0
Coolfez_,1,,1.0,0.0
maiinmay,1,,1.0,0.0
bilbobagginspipeweed,1,,1.0,0.0
Ok_Role8990,1,,1.0,0.0
Natural-Link-9602,1,,1.0,0.0
ChemistrySpecial8857,1,,1.0,0.0
Anarchy_Coon,1,,1.0,0.0
PortCityBlitz,1,,1.0,0.0
monsantobreath,1,,1.0,0.0
Szpoti,1,,1.0,0.0
PercentageFlaky8198,1,,1.0,0.0
FalleenFan,1,,1.0,0.0
Darth_Neek,1,,1.0,0.0
cringecitycircuit,1,,1.0,0.0
Dunkmaxxing,1,,1.0,0.0
johnblack1789,1,,1.0,0.0
MutedShenanigans,1,,1.0,0.0
Present-Job-7918,1,,1.0,0.0
StudentOfSociology,1,,1.0,0.0
Low-Low3624,1,,1.0,0.0
anadayloft,1,,1.0,0.0
hell0kittyautism,1,,1.0,0.0
Pete0730,1,,1.0,0.0
Dentata_,1,,1.0,0.0
RoxanaSaith,1,,1.0,0.0
Mission-Blood740,1,,1.0,0.0
obamalizard2004,1,,1.0,0.0
Tweedledee72,1,,1.0,0.0
ullrs_bow,1,,1.0,0.0
KudzuGrowsOnOurBones,1,,1.0,0.0
Sawbones90,1,,1.0,0.0
Fragrant-Meeting-421,1,,1.0,0.0
Sweet-Ignition,1,,1.0,0.0
ConversationEven8915,1,,1.0,0.0
songsofadistantsun,1,,1.0,0.0
Jay_Diamond_WWE,1,,1.0,0.0
AcornToOak,1,,1.0,0.0
eschwifty,1,,1.0,0.0
Gulf_Coast_Lion,1,,1.0,0.0
EmergencyWitty769,1,,1.0,0.0
Walkdog1America1,1,,1.0,0.0
Beautiful_Freedom_97,1,,1.0,0.0
El_Gringo_Chingon,1,,1.0,0.0
FruitSila,1,,1.0,0.0
ChichinOfficial,1,,1.0,0.0
Chick-fil-A-4-Life,1,,1.0,0.0
Inside_Bluebird9987,1,,1.0,0.0
FrankTheTnkk,1,,1.0,0.0
barepixels,1,,1.0,0.0
Reddit03012004,1,,1.0,0.0
TwoInevitable4643,1,,1.0,0.0
JdubsTheGreat,1,,1.0,0.0
vdavidiuk,1,,1.0,0.0
StatusGear1260,1,,1.0,0.0
saadbibi,1,,1.0,0.0
Delta-Tropos,1,,1.0,0.0
murmanator,1,,1.0,0.0
earlesj,1,,1.0,0.0
J3wb0cca,1,,1.0,0.0
AntonMaevski,1,,1.0,0.0
bearcatjoe,1,,1.0,0.0
taylorwmj,1,,1.0,0.0
MadGobot,1,,1.0,0.0
wkramer28451,1,,1.0,0.0
Dependent-Aside-9750,1,,1.0,0.0
bw2082,1,,1.0,0.0
Prize_Succotash_7800,1,,1.0,0.0
RedditPoster05,1,,1.0,0.0
Any-Attorney9612,1,,1.0,0.0
kyla619,1,,1.0,0.0
USAFGeekboy,1,,1.0,0.0
Exciting-Feeling8247,1,,1.0,0.0
FactsOverSpin,1,,1.0,0.0
TjStax,1,,1.0,0.0
Dwman113,1,,1.0,0.0
CollabSensei,1,,1.0,0.0
Antrisa,1,,1.0,0.0
ReviewEven3945,1,,1.0,0.0
Coven_Evelynn_LoL,1,,1.0,0.0
eddie_chedder,1,,1.0,0.0
PineappleNeither3200,1,,1.0,0.0
dontgetsnippy,1,,1.0,0.0
rigorousthinker,1,,1.0,0.0
Dual-Vector-Foiled,1,,1.0,0.0
johnjamesr,1,,1.0,0.0
Trent1667,1,,1.0,0.0
Fuzzy_Instance1,1,,1.0,0.0
Nu11us,1,,1.0,0.0
ZadrovZaebal,1,,1.0,0.0
olyrobb,1,,1.0,0.0
Real-Focus-1,1,,1.0,0.0
Unlucky-Prize,1,,1.0,0.0
Maleficent_Money8820,1,,1.0,0.0
Legal_Ad5412,1,,1.0,0.0
AnomLenskyFeller,1,,1.0,0.0
Foreign-Policy-02-,1,,1.0,0.0
Redwhat22,1,,1.0,0.0
PD216ohio,1,,1.0,0.0
Current-Resource8215,1,,1.0,0.0
SurveyMelodic,1,,1.0,0.0
majr02,1,,1.0,0.0
Jmarseilles,1,,1.0,0.0
busch_lightyear1,1,,1.0,0.0
JustAGuyNamedAJ,1,,1.0,0.0
SlartibartfastMcGee,1,,1.0,0.0
CartridgeCrusader23,1,,1.0,0.0
baseball_Lover33,1,,1.0,0.0
GingeryApple7272,1,,1.0,0.0
Next_Engineer_8230,1,,1.0,0.0
Most_Tomorrow_1053,1,,1.0,0.0
Unlikely-Low9351,1,,1.0,0.0
Inevitable-Twist1232,1,,1.0,0.0
Cyber_Blue2,1,,1.0,0.0
Fishingforyams,1,,1.0,0.0
PJS299,1,,1.0,0.0
EQ0406,1,,1.0,0.0
Yo_get_off_my_Dak,1,,1.0,0.0
North_Consequence644,1,,1.0,0.0
Costanza2704,1,,1.0,0.0
Commercial-Base1296,1,,1.0,0.0
WouIdntYouLike2Know,1,,1.0,0.0
Lionheart_Lives,1,,1.0,0.0
Wanderingsmileyface,1,,1.0,0.0
MajorDickieSmalls,1,,1.0,0.0
Superb_Cat_7059,1,,1.0,0.0
CryCryandCryAgain,1,,1.0,0.0
kyransparda,1,,1.0,0.0
RingOwn2952,1,,1.0,0.0
EmergencyNo4209,1,,1.0,0.0
craig_52193,1,,1.0,0.0
Head_Estate_3944,1,,1.0,0.0
ancienteggfart,1,,1.0,0.0
Thievousraccoonuss,1,,1.0,0.0
US_Highway15,1,,1.0,0.0
deciduousredcoat,1,,1.0,0.0
SpikyBalloonAnimal,1,,1.0,0.0
chances906,1,,1.0,0.0
CarbonTail,1,,1.0,0.0
UltraAirWolf,1,,1.0,0.0
Some-Technology4413,1,,1.0,0.0
garretnichols,1,,1.0,0.0
Hellionprime,1,,1.0,0.0
RedditUser19984321,1,,1.0,0.0
mtldude1967,1,,1.0,0.0
Repulsive-Virus-990,1,,1.0,0.0
JeanParisot,1,,1.0,0.0
Lonestar_Fox_Butt,1,,1.0,0.0
kellstheword,1,,1.0,0.0
SiiKJOECOOL,1,,1.0,0.0
RockChalk9799,1,,1.0,0.0
farcealarm,1,,1.0,0.0
ehbowen,1,,1.0,0.0
Antjel_1,1,,1.0,0.0
midazolamjesus,1,,1.0,0.0
Miserable-Two6633,1,,1.0,0.0
SneakyStabbalot,1,,1.0,0.0
CamoAnimal,1,,1.0,0.0
ObjectiveJackfruit35,1,,1.0,0.0
skarface6,1,,1.0,0.0
BruceCampbell789,1,,1.0,0.0
SleekFilet,1,,1.0,0.0
Budget_Package_4584,1,,1.0,0.0
cruiser-bazoozle,1,,1.0,0.0
Ok_Leadership4968,1,,1.0,0.0
FeistyTicket7556,1,,1.0,0.0
Quarkandbarrel,1,,1.0,0.0
Perfectsaturn47,1,,1.0,0.0
Swampertman,1,,1.0,0.0
Neeoun,1,,1.0,0.0
BigGator5,1,,1.0,0.0
FLA-Hoosier,1,,1.0,0.0
Bamelin,1,,1.0,0.0
AcornTopHat,1,,1.0,0.0
ThePoliticalHat,1,,1.0,0.0
intelliflux,1,,1.0,0.0
SmarterThanCornPop,1,,1.0,0.0
Rubentraj,1,,1.0,0.0
Additional_Spring629,1,,1.0,0.0
Choice_Housing_8012,1,,1.0,0.0
Ok_Owl_7372,1,,1.0,0.0
DareElektra,1,,1.0,0.0
Ordinary_Gap623,1,,1.0,0.0
Perplexed_S,1,,1.0,0.0
MurkyThrowaway69,1,,1.0,0.0
Bible-and-brews,1,,1.0,0.0
doozen,1,,1.0,0.0
OriginalTKS,1,,1.0,0.0
Automatic_War_3052,1,,1.0,0.0
Low-Win-6699,1,,1.0,0.0
kismettized,1,,1.0,0.0
lanasuna,1,,1.0,0.0
Perfect-Nebula8894,1,,1.0,0.0
TexBourbon,1,,1.0,0.0
OkPossible361,1,,1.0,0.0
pescado01,1,,1.0,0.0
tuvda,1,,1.0,0.0
MerelyWhelmed1,1,,1.0,0.0
voneric990,1,,1.0,0.0
Kitchen-Spinach-9702,1,,1.0,0.0
Interesting-Bottle-4,1,,1.0,0.0
Awkward_Young5465,1,,1.0,0.0
komatsu-D355a,1,,1.0,0.0
JohnnyGoodtimes0754,1,,1.0,0.0
RabiesR_Us,1,,1.0,0.0
FrankieColombino,1,,1.0,0.0
Sudden-Training-5567,1,,1.0,0.0
clisto3,1,,1.0,0.0
Confident-Count-9702,1,,1.0,0.0
Taiyounomiya,1,,1.0,0.0
Insanely-Mad,1,,1.0,0.0
Thebackbone12,1,,1.0,0.0
TrickyFuture101,1,,1.0,0.0
Any_Introduction1324,1,,1.0,0.0
OkUmpire4235,1,,1.0,0.0
SirOhmsAlot,1,,1.0,0.0
Great_Elephant5041,1,,1.0,0.0
Holiday_Chapter7489,1,,1.0,0.0
masspromo,1,,1.0,0.0
_-stuey-_,1,,1.0,0.0
Semour9,1,,1.0,0.0
samaugust101,1,,1.0,0.0
Certain-Monitor5304,1,,1.0,0.0
_That_One_Fellow_,1,,1.0,0.0
grey1021,1,,1.0,0.0
Dignandingo,1,,1.0,0.0
Baptism-Of-Fire,1,,1.0,0.0
Ok_Lavishness_4218,1,,1.0,0.0
BigGreezyBreakfast,1,,1.0,0.0
Negative-Put-7638,1,,1.0,0.0
MundaneImage13,1,,1.0,0.0
Christianity-Forever,1,,1.0,0.0
No_Will_8933,1,,1.0,0.0
Open-Contribution179,1,,1.0,0.0
Straight_Sorbet6218,1,,1.0,0.0
CreativeWriter1983,1,,1.0,0.0
Wesdawg1241,1,,1.0,0.0
Straight-Ad5994,1,,1.0,0.0
Henry_OLoughlin,1,,1.0,0.0
ChirrBirry,1,,1.0,0.0
Terrasmak,1,,1.0,0.0
TalentedStriker,1,,1.0,0.0
Last-Shoe-4971,1,,1.0,0.0
sfnative1957,1,,1.0,0.0
Critical-Spinach-1,1,,1.0,0.0
Andorion,1,,1.0,0.0
Critical_Concert_689,1,,1.0,0.0
CrabVOM1T,1,,1.0,0.0
pope307,1,,1.0,0.0
mm3873,1,,1.0,0.0
mdws1977,1,,1.0,0.0
Jazz567,1,,1.0,0.0
CSGOW1ld,1,,1.0,0.0
Uffizi_,1,,1.0,0.0
sportsntravel,1,,1.0,0.0
Vessarionovich,1,,1.0,0.0
TheTelegraph,1,,1.0,0.0
JourneyToLunarAdmin,1,,1.0,0.0
inafis_,1,,1.0,0.0
Clackamas_river,1,,1.0,0.0
delusionar,1,,1.0,0.0
TheBearJew963,1,,1.0,0.0
MidwestRacingLeague,1,,1.0,0.0
Paws_4_Hands,1,,1.0,0.0
Indigo_Eyez,1,,1.0,0.0
Probate_Judge,1,,1.0,0.0
joesdomicial1,1,,1.0,0.0
AideInternational912,1,,1.0,0.0
Educational-Pride104,1,,1.0,0.0
Smart-Register1460,1,,1.0,0.0
gimmedome,1,,1.0,0.0
Good-Biscotti-3607,1,,1.0,0.0
TheRealAuthorSarge,1,,1.0,0.0
keephoesinlin,1,,1.0,0.0
Early-Tourist-8840,1,,1.0,0.0
BlahblahOMG60,1,,1.0,0.0
Rauk88,1,,1.0,0.0
OctaviarNR,1,,1.0,0.0
Mean_Wear_742,1,,1.0,0.0
Markinoutman,1,,1.0,0.0
Linuxthekid,1,,1.0,0.0
Loud-Session2543,1,,1.0,0.0
SayNO2CAMELABUSE,1,,1.0,0.0
K-Dog7469,1,,1.0,0.0
ExoticSwordfish8425,1,,1.0,0.0
Career-Acceptable,1,,1.0,0.0
HeReallyDoesntCare,1,,1.0,0.0
snipe320,1,,1.0,0.0
Wing_attack_Plan_R,1,,1.0,0.0
_philia_,1,,1.0,0.0
Mysterious_Main_5391,1,,1.0,0.0
fordr015,1,,1.0,0.0
truth-4-sale,1,,1.0,0.0
PlymouthSock,1,,1.0,0.0
One_Fix5763,1,,1.0,0.0
FortunateHominid,1,,1.0,0.0
Aggravating-Guest-12,1,,1.0,0.0
thorny91,1,,1.0,0.0
ShpaghettiShpaghetti,1,,1.0,0.0
kojitsuke,1,,1.0,0.0
u2263394mvrhtnet,1,,1.0,0.0
Zulanjo,1,,1.0,0.0
Agile_Swordfish2762,1,,1.0,0.0
TheUplifted1,1,,1.0,0.0
aria___51,1,,1.0,0.0
theotherhigh,1,,1.0,0.0
resoluteindifference,1,,1.0,0.0
Political_Psych,1,,1.0,0.0
mike_gundy666,1,,1.0,0.0
hungrychopper,1,,1.0,0.0
generic-american55,1,,1.0,0.0
VaderEternal,1,,1.0,0.0
_codeJunkie_,1,,1.0,0.0
JTNotJamesTaylor,1,,1.0,0.0
True_North_360,1,,1.0,0.0
Tarfcharf,1,,1.0,0.0
EducatedVoyeur,1,,1.0,0.0
SoloSierra,1,,1.0,0.0
Shoddy_Ad7511,1,,1.0,0.0
Thecatnamedgary,1,,1.0,0.0
Gilti_Bobcat,1,,1.0,0.0
Junior-Mess-898,1,,1.0,0.0
SS2907,1,,1.0,0.0
Upbeat_Respond9250,1,,1.0,0.0
Das_P0pE,1,,1.0,0.0
Cold_Relationship_84,1,,1.0,0.0
PotatoManDan69,1,,1.0,0.0
Interesting-Emu-7527,1,,1.0,0.0
Scheann12,1,,1.0,0.0
TheDrunkardsPrayer,1,,1.0,0.0
Killie11,1,,1.0,0.0
Tydyjav,1,,1.0,0.0
JimStarfield,1,,1.0,0.0
kosieroj,1,,1.0,0.0
greyoil,1,,1.0,0.0
TheVREnthusiast2,1,,1.0,0.0
Mehnard,1,,1.0,0.0
med-spouse,1,,1.0,0.0
SteveDallasEsq,1,,1.0,0.0
guanaco55,1,,1.0,0.0
Successful-Ask9091,1,,1.0,0.0
starriiieee,1,,1.0,0.0
fury_of_el_scorcho,1,,1.0,0.0
joetravers,1,,1.0,0.0
Farmwife64,1,,1.0,0.0
nar_tapio_00,1,,1.0,0.0
RedBaronsBrother,1,,1.0,0.0
like_a_pearcider,1,,1.0,0.0
Altruistic_Age5645,1,,1.0,0.0
iridescentnightshade,1,,1.0,0.0
fuelstaind,1,,1.0,0.0
jfreak53,1,,1.0,0.0
friendnotfiend,1,,1.0,0.0
LimeSugar,1,,1.0,0.0
didy115,1,,1.0,0.0
Gheelalt,1,,1.0,0.0
bud9342,1,,1.0,0.0
DaneCz123,1,,1.0,0.0
Dekuscrub100,1,,1.0,0.0
Ok_Mango_6887,1,,1.0,0.0
Soft_Introduction437,1,,1.0,0.0
rjray,1,,1.0,0.0
TheGreatLiberalGod,1,,1.0,0.0
mistymiso,1,,1.0,0.0
hikebikeeat,1,,1.0,0.0
Vienta1988,1,,1.0,0.0
delcooper11,1,,1.0,0.0
Anonymous0Existence,1,,1.0,0.0
womanonawire,1,,1.0,0.0
Big-Degree1548,1,,1.0,0.0
Argentarius1,1,,1.0,0.0
Smarterthanthat,1,,1.0,0.0
mikacello,1,,1.0,0.0
steilasaroon,1,,1.0,0.0
OkuroIshimoto,1,,1.0,0.0
x-plorer,1,,1.0,0.0
danstigz,1,,1.0,0.0
golgi42,1,,1.0,0.0
SpaceMan420gmt,1,,1.0,0.0
Longjumping_Leek151,1,,1.0,0.0
missandilou,1,,1.0,0.0
BaskingInWanderlust,1,,1.0,0.0
Amphibious_cow,1,,1.0,0.0
Patient_Reach439,1,,1.0,0.0
phunphan,1,,1.0,0.0
FlyingPotionsFactory,1,,1.0,0.0
Whimsywynn3,1,,1.0,0.0
WeenFan4Life,1,,1.0,0.0
notsubwayguy,1,,1.0,0.0
Electric1800,1,,1.0,0.0
cecirdr,1,,1.0,0.0
geak78,1,,1.0,0.0
xxiviq,1,,1.0,0.0
sasha_fierceee,1,,1.0,0.0
plasticpixels,1,,1.0,0.0
jastangl,1,,1.0,0.0
Jennyelf,1,,1.0,0.0
thewaltz77,1,,1.0,0.0
MaxCantaloupe,1,,1.0,0.0
Substantial-Award269,1,,1.0,0.0
ExtensionFalse1320,1,,1.0,0.0
blue-monday22,1,,1.0,0.0
texasinauguststudio,1,,1.0,0.0
Ranchdressing_clown,1,,1.0,0.0
HonoredPeople,1,,1.0,0.0
Wild_Win_1965,1,,1.0,0.0
bellboy905,1,,1.0,0.0
Accomplished-Bug4327,1,,1.0,0.0
clairvoyant69,1,,1.0,0.0
AshandAmbrose,1,,1.0,0.0
XANON1984,1,,1.0,0.0
Nillavuh,1,,1.0,0.0
meera_jasmine1,1,,1.0,0.0
froststomper,1,,1.0,0.0
Sabrvlc,1,,1.0,0.0
Professional_Bundler,1,,1.0,0.0
GreatPumpkin72,1,,1.0,0.0
Calveeeno,1,,1.0,0.0
BeigeSofa,1,,1.0,0.0
ExtentEfficient2669,1,,1.0,0.0
FragrantChipmunk4238,1,,1.0,0.0
UmbraVGG,1,,1.0,0.0
MikelFury,1,,1.0,0.0
thefam7223,1,,1.0,0.0
ConfidentHistory9080,1,,1.0,0.0
SecondStage1983,1,,1.0,0.0
DonkeyBonked,1,,1.0,0.0
LxveyLadyM00N,1,,1.0,0.0
Cleverwabbit5,1,,1.0,0.0
tiniestfriend,1,,1.0,0.0
Available_Ad7720,1,,1.0,0.0
thisdckaintFREEEE,1,,1.0,0.0
patientguitar,1,,1.0,0.0
DigitalHeartbeat729,1,,1.0,0.0
Olkeus,1,,1.0,0.0
Dependent-Break5324,1,,1.0,0.0
BoredMillennial85,1,,1.0,0.0
SocialistDebateLord,1,,1.0,0.0
AMC4x4,1,,1.0,0.0
SleepyKee,1,,1.0,0.0
PapaSanjay,1,,1.0,0.0
StrictlyOk,1,,1.0,0.0
Lanky-Warthog5243,1,,1.0,0.0
G-Unit11111,1,,1.0,0.0
Ok_South9239,1,,1.0,0.0
Gekkii,1,,1.0,0.0
MilitantWorkingClass,1,,1.0,0.0
LBAIGL,1,,1.0,0.0
jonumand,1,,1.0,0.0
milkmanrichie,1,,1.0,0.0
Big_Calendar_1350,1,,1.0,0.0
Acuallyizadern93,1,,1.0,0.0
mars_2030,1,,1.0,0.0
Godfather_Guzma,1,,1.0,0.0
EnduringPhoenix,1,,1.0,0.0
LukeD1992,1,,1.0,0.0
Much_Problem_8166,1,,1.0,0.0
DatAspie2000,1,,1.0,0.0
JarretIsSkibidi,1,,1.0,0.0
FereinTracke,1,,1.0,0.0
MantaRay2256,1,,1.0,0.0
il_biciclista,1,,1.0,0.0
Chocolateking111,1,,1.0,0.0
heylistenlady,1,,1.0,0.0
medleyj,1,,1.0,0.0
staybrut4l,1,,1.0,0.0
HumanLike,1,,1.0,0.0
Funlovinpsycho,1,,1.0,0.0
In4thelongrun_,1,,1.0,0.0
DeliciousV0id,1,,1.0,0.0
SalesDude1,1,,1.0,0.0
WeR_SoEffed,1,,1.0,0.0
stinglikebutterbee,1,,1.0,0.0
Quarrelsomechicken,1,,1.0,0.0
Particular_Sky4083,1,,1.0,0.0
HumanistRuth,1,,1.0,0.0
ghandi95,1,,1.0,0.0
johnjones4,1,,1.0,0.0
jmonumber3,1,,1.0,0.0
SpecialSymbols,1,,1.0,0.0
slayingcatdog,1,,1.0,0.0
lyssthebitchcalore,1,,1.0,0.0
heypartygoers,1,,1.0,0.0
DeepEmergency6060,1,,1.0,0.0
Such-Ideal-8724,1,,1.0,0.0
Stunning-Rock-3117,1,,1.0,0.0
TheLovelyLorelei,1,,1.0,0.0
thatredditscribbler,1,,1.0,0.0
Bdogiscracked,1,,1.0,0.0
ApatheticProgressive,1,,1.0,0.0
TsumeOkami,1,,1.0,0.0
Legitimate_Ad_4620,1,,1.0,0.0
Keith502,1,,1.0,0.0
Far-Seat-2263,1,,1.0,0.0
Definitelymostlikely,1,,1.0,0.0
BlackberryActive3039,1,,1.0,0.0
Hutzpahya,1,,1.0,0.0
Weekly_Soft1069,1,,1.0,0.0
ksmit098,1,,1.0,0.0
lennybriscoforthewin,1,,1.0,0.0
wrenvoltaire,1,,1.0,0.0
krishanakj,1,,1.0,0.0
_invest_,1,,1.0,0.0
Frequent_Table7869,1,,1.0,0.0
Fancysammiches13,1,,1.0,0.0
EducationalCry7033,1,,1.0,0.0
Mezcauly_Culkin,1,,1.0,0.0
Educational_Hold6494,1,,1.0,0.0
Krieg_meatbicycle,1,,1.0,0.0
almostmaybes,1,,1.0,0.0
daschle04,1,,1.0,0.0
lou---lou22,1,,1.0,0.0
2020surrealworld,1,,1.0,0.0
daydaylin,1,,1.0,0.0
DronedAgain,1,,1.0,0.0
bhultquist84,1,,1.0,0.0
CharlieMacchia,1,,1.0,0.0
jenyj89,1,,1.0,0.0
Simple-Syllabub-6865,1,,1.0,0.0
thepeoplessgt,1,,1.0,0.0
TaylorHu,1,,1.0,0.0
Sunfofun,1,,1.0,0.0
Quick_Movie_5758,1,,1.0,0.0
Fabulous-Manner-1195,1,,1.0,0.0
LordGreybies,1,,1.0,0.0
mmiexell,1,,1.0,0.0
Mugu_Surfer,1,,1.0,0.0
WowzerMario,1,,1.0,0.0
Fit-Protection5399,1,,1.0,0.0
zelphwithbrokenshelf,1,,1.0,0.0
Potential_One1,1,,1.0,0.0
AnyEnvironment2492,1,,1.0,0.0
CallAParamedic,1,,1.0,0.0
johntwinkle,1,,1.0,0.0
EmojiZackMaddog,1,,1.0,0.0
lumpkin2013,1,,1.0,0.0
NoLingonberry4261,1,,1.0,0.0
louisianapelican,1,,1.0,0.0
JuniperCassie,1,,1.0,0.0
Calm_Salamander_1367,1,,1.0,0.0
NoMention1552,1,,1.0,0.0
TonyD9898,1,,1.0,0.0
Time-Turnip-2961,1,,1.0,0.0
Kindly_Visit_3871,1,,1.0,0.0
Important_Cat_524,1,,1.0,0.0
book-3,1,,1.0,0.0
breaking-atom,1,,1.0,0.0
Grand-Page-1180,1,,1.0,0.0
GetnLine,1,,1.0,0.0
IsawUstandingThere,1,,1.0,0.0
Far_Refrigerator5601,1,,1.0,0.0
stumpjungle,1,,1.0,0.0
planeruler,1,,1.0,0.0
Transcentasia,1,,1.0,0.0
trimojo,1,,1.0,0.0
phileconomicus,1,,1.0,0.0
FlowerFaerie13,1,,1.0,0.0
MortyCatbutt,1,,1.0,0.0
WildAd6370,1,,1.0,0.0
Huey-_-Freeman,1,,1.0,0.0
New_Citizen,1,,1.0,0.0
SaintGodfather,1,,1.0,0.0
Kaje26,1,,1.0,0.0
Psythusforreal,1,,1.0,0.0
GarbageCleric,1,,1.0,0.0
ellieminnow,1,,1.0,0.0
TheFakeBobaFett,1,,1.0,0.0
tracyf600,1,,1.0,0.0
Djgogi059,1,,1.0,0.0
lostinsauceyboi,1,,1.0,0.0
Syllable_Witch,1,,1.0,0.0
theblueowlisdead,1,,1.0,0.0
pichicagoattorney,1,,1.0,0.0
colorfulnina,1,,1.0,0.0
deadshot1138,1,,1.0,0.0
Inside-Light4352,1,,1.0,0.0
Kkimp1955,1,,1.0,0.0
Fxguy1,1,,1.0,0.0
Terakian,1,,1.0,0.0
ShaneKaiGlenn,1,,1.0,0.0
AgreeableDig1619,1,,1.0,0.0
v8_87_01_05_17,1,,1.0,0.0
No_Clock2390,1,,1.0,0.0
neepster44,1,,1.0,0.0
Savings-Pumpkin3378,1,,1.0,0.0
briant0918,1,,1.0,0.0
LTNBFU,1,,1.0,0.0
Juliemaylarsen,1,,1.0,0.0
Famijos,1,,1.0,0.0
wafflesareforever,1,,1.0,0.0
Sspmd11,1,,1.0,0.0
moononyx,1,,1.0,0.0
StayAtHomePlantDaddy,1,,1.0,0.0
Choice-Resolution-92,1,,1.0,0.0
Leather-Map-8138,1,,1.0,0.0
cobbler888,1,,1.0,0.0
BurnerPlayboiCarti,1,,1.0,0.0
Claque-2,1,,1.0,0.0
daffylilly,1,,1.0,0.0
AwakeningStar1968,1,,1.0,0.0
siandresi,1,,1.0,0.0
kk20002,1,,1.0,0.0
TrackAdmirable2020,1,,1.0,0.0
searchamon17,1,,1.0,0.0
politehornyposter,1,,1.0,0.0
WL661-410-Eng,1,,1.0,0.0
DeadTiredOfThisShit,1,,1.0,0.0
prodigy1367,1,,1.0,0.0
davvolun,1,,1.0,0.0
badpopeye,1,,1.0,0.0
swcollings,1,,1.0,0.0
College-Lumpy,1,,1.0,0.0
justsomeguyoukno,1,,1.0,0.0
subsaver3100,1,,1.0,0.0
NIMBYmagnet29,1,,1.0,0.0
Boubbie1975,1,,1.0,0.0
MidnightFlowertooth,1,,1.0,0.0
Jet_Maal,1,,1.0,0.0
PublicTell7976,1,,1.0,0.0
BongDie,1,,1.0,0.0
Domosenpai64,1,,1.0,0.0
FunFunFun8,1,,1.0,0.0
SwimmingThroughHoney,1,,1.0,0.0
blastmemer,1,,1.0,0.0
swoopydog,1,,1.0,0.0
bellamllagun0,1,,1.0,0.0
superkrizz77,1,,1.0,0.0
Andurhil1986,1,,1.0,0.0
solomons-marbles,1,,1.0,0.0
Due-Designer4078,1,,1.0,0.0
Westsidebill,1,,1.0,0.0
MarquisEXB,1,,1.0,0.0
shadowofpurple,1,,1.0,0.0
Benevolentish,1,,1.0,0.0
Mantree91,1,,1.0,0.0
joshua0005,1,,1.0,0.0
GameOfBears,1,,1.0,0.0
ImmortalityLTD,1,,1.0,0.0
diversalarums,1,,1.0,0.0
Best-Subject-7253,1,,1.0,0.0
pdxf,1,,1.0,0.0
AequusEquus,1,,1.0,0.0
Kerouwhack,1,,1.0,0.0
JustinThymme,1,,1.0,0.0
disdkatster,1,,1.0,0.0
1makbay1,1,,1.0,0.0
Separate_Ad1046,1,,1.0,0.0
greenblue98,1,,1.0,0.0
SundayJeffrey,1,,1.0,0.0
Bovoduch,1,,1.0,0.0
GutCart,1,,1.0,0.0
Honest_Report_8515,1,,1.0,0.0
TradishSpirit,1,,1.0,0.0
Danica1945,1,,1.0,0.0
NicholasRyanH,1,,1.0,0.0
gcscotty,1,,1.0,0.0
Sir-Kyle-Of-Reddit,1,,1.0,0.0
GlowstoneLove,1,,1.0,0.0
jaker9319,1,,1.0,0.0
fathompin,1,,1.0,0.0
daveythepirate,1,,1.0,0.0
WTFaulknerinCA,1,,1.0,0.0
Comfortable-Ebb-2859,1,,1.0,0.0
TW_RiceMilk,1,,1.0,0.0
Necessary-Peace9672,1,,1.0,0.0
Professional_Sir_818,1,,1.0,0.0
stlredbird,1,,1.0,0.0
sherab2b,1,,1.0,0.0
ChallengeAdept8759,1,,1.0,0.0
AfroCracker,1,,1.0,0.0
foxinHI,1,,1.0,0.0
DarkSoulCarlos,1,,1.0,0.0
IdealExtension3004,1,,1.0,0.0
EmperorYoda1987,1,,1.0,0.0
blahblah19999,1,,1.0,0.0
CGLT_1748,1,,1.0,0.0
SeaABrooks,1,,1.0,0.0
dylanc650,1,,1.0,0.0
narfnarf123,1,,1.0,0.0
ThisCommentEarnedMe,1,,1.0,0.0
HotSpinach7865,1,,1.0,0.0
seemontyburns,1,,1.0,0.0
smeggysoup84,1,,1.0,0.0
AgentDoggett,1,,1.0,0.0
2ndplaceBrennan,1,,1.0,0.0
DiRty_BiRd_77,1,,1.0,0.0
neilmod,1,,1.0,0.0
Conscious-Scene1158,1,,1.0,0.0
AgentEndive,1,,1.0,0.0
Far_Link_7533,1,,1.0,0.0
eVilleMike,1,,1.0,0.0
meta_microbe_main,1,,1.0,0.0
r0099,1,,1.0,0.0
No_Significance_573,1,,1.0,0.0
ItisyouwhosaythatIam,1,,1.0,0.0
Bright-Tops5691,1,,1.0,0.0
Miichl80,1,,1.0,0.0
pollo_de_mar,1,,1.0,0.0
AffectionateCase2325,1,,1.0,0.0
PerceptionOrganic672,1,,1.0,0.0
fufairytoo,1,,1.0,0.0
Kiflaam,1,,1.0,0.0
Dave_Kingman,1,,1.0,0.0
Miqag,1,,1.0,0.0
nyuboy1,1,,1.0,0.0
Stepahknee1985,1,,1.0,0.0
theivoryserf,1,,1.0,0.0
tacobytes,1,,1.0,0.0
not_my_real_usernam3,1,,1.0,0.0
raggamuffin1357,1,,1.0,0.0
Polyphagous_person,1,,1.0,0.0
BlockAffectionate413,1,,1.0,0.0
Rare_Requirement_699,1,,1.0,0.0
lafindestase,1,,1.0,0.0
Bubbly-Two-3449,1,,1.0,0.0
BalanceGreat6541,1,,1.0,0.0
mrcsrnne,1,,1.0,0.0
thatdamnorange,1,,1.0,0.0
Substantial-Soup-730,1,,1.0,0.0
ProtomorphPosting,1,,1.0,0.0
Pro_Human_,1,,1.0,0.0
MariaFan356,1,,1.0,0.0
CelestialFury,1,,1.0,0.0
WhataHaack,1,,1.0,0.0
JackJack65,1,,1.0,0.0
IvantheGreat66,1,,1.0,0.0
NoiseHonest6485,1,,1.0,0.0
muchhuman,1,,1.0,0.0
Alert-Algae-6674,1,,1.0,0.0
Cidodino,1,,1.0,0.0
Complete-Rub2289,1,,1.0,0.0
joeyda3rd,1,,1.0,0.0
KeyIndication997,1,,1.0,0.0
JayReddt,1,,1.0,0.0
Alone-Sky-2086,1,,1.0,0.0
tardiscoder,1,,1.0,0.0
DinoIronbody1701,1,,1.0,0.0
Ok-Cardiologist1922,1,,1.0,0.0
Status_Catch3445,1,,1.0,0.0
katienoyes,1,,1.0,0.0
Impossible_Ad9324,1,,1.0,0.0
TacosAndBourbon,1,,1.0,0.0
BattleCryofPeace,1,,1.0,0.0
Sammodile,1,,1.0,0.0
SweetOwl4795,1,,1.0,0.0
invariantspeed,1,,1.0,0.0
masterfoo,1,,1.0,0.0
Pax_87,1,,1.0,0.0
hoochie69mama,1,,1.0,0.0
Little_Study_57,1,,1.0,0.0
OkIntention2545,1,,1.0,0.0
Snorgledork,1,,1.0,0.0
DoughnutItchy3546,1,,1.0,0.0
mathers101,1,,1.0,0.0
Isacobs_35160_LHM,1,,1.0,0.0
DramaticErraticism,1,,1.0,0.0
DecentForever343,1,,1.0,0.0
BaginaJon,1,,1.0,0.0
8888888u8uuh,1,,1.0,0.0
hern0gjensen,1,,1.0,0.0
Jester62,1,,1.0,0.0
Keeper_Tax,1,,1.0,0.0
damndirtyape,1,,1.0,0.0
HolcroftA,1,,1.0,0.0
StudentOk6301,1,,1.0,0.0
BordAccord,1,,1.0,0.0
ChronosBlitz,1,,1.0,0.0
KevKev52,1,,1.0,0.0
AT_Dande,1,,1.0,0.0
Curious_Promise7296,1,,1.0,0.0
ColossusOfChoads,1,,1.0,0.0
coskibum002,1,,1.0,0.0
wiz28ultra,1,,1.0,0.0
jeganthanR,1,,1.0,0.0
96suluman,1,,1.0,0.0
Vegetable-Worry-7335,1,,1.0,0.0
SalineSeltzer,1,,1.0,0.0
kidshitstuff,1,,1.0,0.0
ProblemUsual7428,1,,1.0,0.0
foxwilliam,1,,1.0,0.0
Mammoth_Mistake_477,1,,1.0,0.0
trying1more,1,,1.0,0.0
Ok_Prior5128,1,,1.0,0.0
Taysha812,1,,1.0,0.0
baxterstate,1,,1.0,0.0
Illustrious-Site1101,1,,1.0,0.0
Motherfolk,1,,1.0,0.0
The_Triten,1,,1.0,0.0
Raichu4u,1,,1.0,0.0
Successful-Coyote99,1,,1.0,0.0
morecreamerplease,1,,1.0,0.0
Square_Literature192,1,,1.0,0.0
premeddit,1,,1.0,0.0
beme325,1,,1.0,0.0
oohe,1,,1.0,0.0
V-Matic_VVT-i,1,,1.0,0.0
Plane-Champion-7403,1,,1.0,0.0
Prize-Prize1456,1,,1.0,0.0
MoishaSchwarzter,1,,1.0,0.0
nerdariffic,1,,1.0,0.0
Ok_Professional_3265,1,,1.0,0.0
Organic_Sunshine_551,1,,1.0,0.0
CodeHard84,1,,1.0,0.0
Constant-Interest686,1,,1.0,0.0
PerformanceBubbly393,1,,1.0,0.0
hy7211,1,,1.0,0.0
Anon_2425,1,,1.0,0.0
Ready-Egg-9864,1,,1.0,0.0
theuburrgerboi,1,,1.0,0.0
DanteColon,1,,1.0,0.0
theredeemables,1,,1.0,0.0
Ok-House-6848,1,,1.0,0.0
-Jacob-Seed-,1,,1.0,0.0
MasonManna1,1,,1.0,0.0
Ornery-Honeydewer,1,,1.0,0.0
Pro_Mom17,1,,1.0,0.0
Negative_Budget_598,1,,1.0,0.0
Rast8787,1,,1.0,0.0
Puzzleheaded_Truck80,1,,1.0,0.0
getpesty,1,,1.0,0.0
ifellicantgetup,1,,1.0,0.0
beaverszn,1,,1.0,0.0
warhorse500,1,,1.0,0.0
Gold_Bank_1746,1,,1.0,0.0
quaifonaclit,1,,1.0,0.0
Frequent-Worth5202,1,,1.0,0.0
telepathic-gouda,1,,1.0,0.0
Realistic-Main-3781,1,,1.0,0.0
cjae_ripplefan,1,,1.0,0.0
No-Emu2492,1,,1.0,0.0
Aggravating_Aioli562,1,,1.0,0.0
SnooPeripherals2495,1,,1.0,0.0
danny-dcheeto,1,,1.0,0.0
infiniteoo1,1,,1.0,0.0
hadassah4life,1,,1.0,0.0
DividedWeStandTil,1,,1.0,0.0
Foreign-Cow-1189,1,,1.0,0.0
sagittarius_90,1,,1.0,0.0
Remarkable-Pair-3840,1,,1.0,0.0
16stretch,1,,1.0,0.0
Meowarrior99,1,,1.0,0.0
WishyWill,1,,1.0,0.0
EnvironmentalDuty734,1,,1.0,0.0
Original-Set6431,1,,1.0,0.0
stoptheloveyousave,1,,1.0,0.0
ElizabethThomas44,1,,1.0,0.0
I_HopeThat_WasFart,1,,1.0,0.0
Easy_Sheepherder_845,1,,1.0,0.0
MeBollasDellero,1,,1.0,0.0
EarlOfEther,1,,1.0,0.0
murderinmyguccibag,1,,1.0,0.0
Formal-Revolution42,1,,1.0,0.0
BurningFrost21,1,,1.0,0.0
GiuseppeChiaravalle,1,,1.0,0.0
Turbulent-Day1120,1,,1.0,0.0
TypicalWisdom,1,,1.0,0.0
path_walked_alone,1,,1.0,0.0
Snake_Doc16,1,,1.0,0.0
MiloJay99,1,,1.0,0.0
teslastats,1,,1.0,0.0
v7z7v7,1,,1.0,0.0
Ahmazin1,1,,1.0,0.0
Specialist-Author154,1,,1.0,0.0
Aromatic_Ice_5798,1,,1.0,0.0
lokulater,1,,1.0,0.0
Ok_Ad4453,1,,1.0,0.0
Actual_Ad662,1,,1.0,0.0
Few_Train3208,1,,1.0,0.0
medicineman1650,1,,1.0,0.0
ColoradoStrom,1,,1.0,0.0
No-Leather-3786,1,,1.0,0.0
Ok_Profile3081,1,,1.0,0.0
FirstWitchHunter,1,,1.0,0.0
Alarming-Upstairs963,1,,1.0,0.0
Business-Writer-7874,1,,1.0,0.0
joshuadwright,1,,1.0,0.0
LazyTangelo1249,1,,1.0,0.0
Upper_Produce881,1,,1.0,0.0
Due_Structure_2265,1,,1.0,0.0
iLikeSmallGuns,1,,1.0,0.0
workerrights888,1,,1.0,0.0
Some-Tell-999,1,,1.0,0.0
PROF_SnuggleWumps,1,,1.0,0.0
BarzyBear,1,,1.0,0.0
EnvironmentOk5411,1,,1.0,0.0
Fantastic_Story1086,1,,1.0,0.0
NWIOWAHAWK,1,,1.0,0.0
jcr1151,1,,1.0,0.0
Creepy_Reindeer_9818,1,,1.0,0.0
Seliftidder,1,,1.0,0.0
danielfantastiko,1,,1.0,0.0
skeetsters,1,,1.0,0.0
karlohlemann,1,,1.0,0.0
awdorrin,1,,1.0,0.0
ElectricOpal800,1,,1.0,0.0
Red_FaIcon,1,,1.0,0.0
Ok_Wrangler_7940,1,,1.0,0.0
Careless_Disco,1,,1.0,0.0
Electrical_Mode190,1,,1.0,0.0
WorkSuspicious7959,1,,1.0,0.0
Monk4201,1,,1.0,0.0
cocoa4chew,1,,1.0,0.0
EmuRepresentative663,1,,1.0,0.0
worklife321,1,,1.0,0.0
Beepboopblapbrap,1,,1.0,0.0
rsweb,1,,1.0,0.0
Mysterious_Year1975,1,,1.0,0.0
Accomplished_Shoe962,1,,1.0,0.0
Simple-Rip-4093,1,,1.0,0.0
Necessary_Car2279,1,,1.0,0.0
marksman81991,1,,1.0,0.0
riotgurlrage,1,,1.0,0.0
StorageCrazy2539,1,,1.0,0.0
woofiedoofie,1,,1.0,0.0
AzureWra1th,1,,1.0,0.0
SoritesSeven,1,,1.0,0.0
Hairy_Distance_6349,1,,1.0,0.0
Professional-Wave-53,1,,1.0,0.0
Nearby_Captain1141,1,,1.0,0.0
Angelo_Papas91,1,,1.0,0.0
longnuttz,1,,1.0,0.0
Maximum-Stick4477,1,,1.0,0.0
mattokent,1,,1.0,0.0
KushmaelMcflury,1,,1.0,0.0
SquatchK1ng,1,,1.0,0.0
riddlesniffer,1,,1.0,0.0
unannounced-insanity,1,,1.0,0.0
Cautious-Meeting4000,1,,1.0,0.0
Interesting_Mix3133,1,,1.0,0.0
Biggiecheese1207,1,,1.0,0.0
Smore_King,1,,1.0,0.0
DiscJuice,1,,1.0,0.0
NoticeAwkward1594,1,,1.0,0.0
fentino7,1,,1.0,0.0
bitchan4,1,,1.0,0.0
KoopaFan74,1,,1.0,0.0
Prototype_xtc,1,,1.0,0.0
Tacklinggnome87,1,,1.0,0.0
Blue_Giraffe-Dragon,1,,1.0,0.0
Tehjayaluchador,1,,1.0,0.0
TaborGoats,1,,1.0,0.0
rexoxolux_,1,,1.0,0.0
Runner_one,1,,1.0,0.0
No_Rhubarb5155,1,,1.0,0.0
Mundane_Common_6468,1,,1.0,0.0
dlw26,1,,1.0,0.0
DoktorAusgezeichnet,1,,1.0,0.0
Tymofiy2,1,,1.0,0.0
ptrdo,1,,1.0,0.0
shadylady1976,1,,1.0,0.0
ladymorgahnna,1,,1.0,0.0
EarlyAttention8323,1,,1.0,0.0
Zargoza1,1,,1.0,0.0
Profitopia,1,,1.0,0.0
rejs7,1,,1.0,0.0
Chungus_Big_69,1,,1.0,0.0
RadicalOrganizer,1,,1.0,0.0
Such_Lemon_4382,1,,1.0,0.0
Sissy63,1,,1.0,0.0
wokeiraptor,1,,1.0,0.0
Alohabailey_00,1,,1.0,0.0
IeatlikeKing,1,,1.0,0.0
Catdaddy84,1,,1.0,0.0
PacificSun2020,1,,1.0,0.0
YallerDawg,1,,1.0,0.0
A-Wise-Cobbler,1,,1.0,0.0
atrimarco,1,,1.0,0.0
pit_of_despair666,1,,1.0,0.0
jsatz,1,,1.0,0.0
TerritorialNoob,1,,1.0,0.0
imthebet,1,,1.0,0.0
Rustymarble,1,,1.0,0.0
mikewheelerfan,1,,1.0,0.0
AlabamaDemocratMark,1,,1.0,0.0
Exotic-Sea-2767,1,,1.0,0.0
Suspicious_Copy911,1,,1.0,0.0
velvetneve,1,,1.0,0.0
hamza1187,1,,1.0,0.0
BrightEconomics,1,,1.0,0.0
Anne_Scythe4444,1,,1.0,0.0
Soapyfreshfingers,1,,1.0,0.0
TheBarnacle63,1,,1.0,0.0
Rain616_,1,,1.0,0.0
stairs_3730,1,,1.0,0.0
vgaph,1,,1.0,0.0
ttforum,1,,1.0,0.0
Suspect118,1,,1.0,0.0
-------7654321,1,,1.0,0.0
8BitsSavage,1,,1.0,0.0
Andrew_Codes_,1,,1.0,0.0
20_mile,1,,1.0,0.0
t0il3t,1,,1.0,0.0
catcher_in_the_naan,1,,1.0,0.0
piede,1,,1.0,0.0
FinallyNoelle,1,,1.0,0.0
Southern-Mechanic199,1,,1.0,0.0
MarkmBha,1,,1.0,0.0
MoonlitSerendipity,1,,1.0,0.0
_landrith,1,,1.0,0.0
Shadow328,1,,1.0,0.0
takethemoment13,1,,1.0,0.0
RebelPizza,1,,1.0,0.0
rdsx1901,1,,1.0,0.0
goldbladess,1,,1.0,0.0
-Clayburn,1,,1.0,0.0
teacher-dude,1,,1.0,0.0
craigjclark68,1,,1.0,0.0
PdSales,1,,1.0,0.0
RepSaraJacobs,1,,1.0,0.0
SurfRnR,1,,1.0,0.0
MrBootsie,1,,1.0,0.0
PrintOk8045,1,,1.0,0.0
tambrei,1,,1.0,0.0
PRguy82,1,,1.0,0.0
Minimac1029,1,,1.0,0.0
DamemaGlitcher,1,,1.0,0.0
legalbeagle001,1,,1.0,0.0
awesomedan24,1,,1.0,0.0
GawkerRefugee,1,,1.0,0.0
alpacinohairline,1,,1.0,0.0
whiskylion,1,,1.0,0.0
TheLaraSuChronicles,1,,1.0,0.0
Few-Tradition-5741,1,,1.0,0.0
Sufficient-Ad-7050,1,,1.0,0.0
simrobwest,1,,1.0,0.0
Ohnomon,1,,1.0,0.0
wjbc,1,,1.0,0.0
LTora1993,1,,1.0,0.0
Visible-Bicycle4345,1,,1.0,0.0
GEDlesson,1,,1.0,0.0
Bitter-Ad7852,1,,1.0,0.0
andrewjhn1,1,,1.0,0.0
AmericanBornWuhaner,1,,1.0,0.0
Magsy117,1,,1.0,0.0
Numerous_Fly_187,1,,1.0,0.0
Loud-Firefighter-787,1,,1.0,0.0
waffen123,1,,1.0,0.0
WallStreetDoesntBet,1,,1.0,0.0
gent4you,1,,1.0,0.0
austinmo2,1,,1.0,0.0
Rjb9156,1,,1.0,0.0
atyl1144,1,,1.0,0.0
commanderfish,1,,1.0,0.0
agnes_unicorn_pop,1,,1.0,0.0
omgfakeusername,1,,1.0,0.0
Tenchi2020,1,,1.0,0.0
BluBeeCA,1,,1.0,0.0
votenixon25,1,,1.0,0.0
Straum6,1,,1.0,0.0
DimensionThin147,1,,1.0,0.0
nailswithoutanymilk1,1,,1.0,0.0
InfectiousDs,1,,1.0,0.0
woowoo293,1,,1.0,0.0
pmekonnen,1,,1.0,0.0
Busy_Reading_5103,1,,1.0,0.0
Rubysdad1975,1,,1.0,0.0
Shaggyguitardude,1,,1.0,0.0
No_Programmer_5229,1,,1.0,0.0
bonnyatlast,1,,1.0,0.0
CypressThinking,1,,1.0,0.0
THEONLYMILKY,1,,1.0,0.0
Space_Cowfolk,1,,1.0,0.0
AddemF,1,,1.0,0.0
decorama,1,,1.0,0.0
ghgerytvkude,1,,1.0,0.0
Ok_Signature_8844,1,,1.0,0.0
JFedkiw,1,,1.0,0.0
Bosanova_B,1,,1.0,0.0
Project_Rees,1,,1.0,0.0
JustMyOpinionz,1,,1.0,0.0
Fly_Casual_16,1,,1.0,0.0
parenthetical_phrase,1,,1.0,0.0
cos,1,,1.0,0.0
GoodPharma,1,,1.0,0.0
sunnysidejacqueline,1,,1.0,0.0
cree8vision,1,,1.0,0.0
JASPER933,1,,1.0,0.0
zwaaa,1,,1.0,0.0
Thevsamovies,1,,1.0,0.0
Darillium-,1,,1.0,0.0
jayclaw97,1,,1.0,0.0
ATC_av8er,1,,1.0,0.0
ShyLeoGing,1,,1.0,0.0
Maoern,1,,1.0,0.0
rabies3000,1,,1.0,0.0
Maryland_Bear,1,,1.0,0.0
AshSilverwood,1,,1.0,0.0
International-Drag23,1,,1.0,0.0
Cold-Environment-634,1,,1.0,0.0
CriticalThinkerHmmz,1,,1.0,0.0
swazal,1,,1.0,0.0
Ok_Secret1117,1,,1.0,0.0
Old_Cockroach_9725,1,,1.0,0.0
AdDifficult3794,1,,1.0,0.0
Jorrislame,1,,1.0,0.0
bindrosis,1,,1.0,0.0
Shrapnaldeposit1,1,,1.0,0.0
PM-ME-SMILES-PLZ,1,,1.0,0.0
xlutch123,1,,1.0,0.0
byoz,1,,1.0,0.0
GoatseFarmer,1,,1.0,0.0
MeanBalance,1,,1.0,0.0
zanpancan,1,,1.0,0.0
lewyseatsbabies,1,,1.0,0.0
Crownie,1,,1.0,0.0
LilDJ000,1,,1.0,0.0
Farscape12Monkeys,1,,1.0,0.0
thelifeofpablo14,1,,1.0,0.0
like-humans-do,1,,1.0,0.0
ScythianUnborne,1,,1.0,0.0
the-senat,1,,1.0,0.0
rimRasenW,1,,1.0,0.0
noodles0311,1,,1.0,0.0
Metallica1175,1,,1.0,0.0
theaceoface,1,,1.0,0.0
onelap32,1,,1.0,0.0
planetaryabundance,1,,1.0,0.0
Iapzkauz,1,,1.0,0.0
No_Branch_97,1,,1.0,0.0
PM_ME_GOOD_FILMS,1,,1.0,0.0
taxi_man10,1,,1.0,0.0
DurangoGango,1,,1.0,0.0
Gigabrain_Neorealist,1,,1.0,0.0
MrStrange15,1,,1.0,0.0
EdBoromino,1,,1.0,0.0
EmperorConstantwhine,1,,1.0,0.0
SumTingWillyWong,1,,1.0,0.0
Godkun007,1,,1.0,0.0
RevolutionaryBoat5,1,,1.0,0.0
HenryGeorgia,1,,1.0,0.0
PrimarchVulkanXVIII,1,,1.0,0.0
Additional-Use-6823,1,,1.0,0.0
l2ksolkov,1,,1.0,0.0
polandball2101,1,,1.0,0.0
ZweigDidion,1,,1.0,0.0
Unterfahrt,1,,1.0,0.0
Moffload,1,,1.0,0.0
modooff,1,,1.0,0.0
Koszulium,1,,1.0,0.0
hollywoodraider,1,,1.0,0.0
selah228,1,,1.0,0.0
ResponsibilityNo4876,1,,1.0,0.0
recovering_achiever,1,,1.0,0.0
Blairite_,1,,1.0,0.0
PM_ME_YOUR_EUKARYOTE,1,,1.0,0.0
CutePattern1098,1,,1.0,0.0
F0urLeafCl0ver,1,,1.0,0.0
AlexB_SSBM,1,,1.0,0.0
UUtch,1,,1.0,0.0
CoolCombination3527,1,,1.0,0.0
Daniel_B_plus,1,,1.0,0.0
NewMeNewWorld,1,,1.0,0.0
BATIRONSHARK,1,,1.0,0.0
skolves,1,,1.0,0.0
thebestjamespond,1,,1.0,0.0
Key_Door1467,1,,1.0,0.0
itsquinnmydude,1,,1.0,0.0
Neoliberal_Boogeyman,1,,1.0,0.0
Milk2Biscuit,1,,1.0,0.0
MonsoonalRat,1,,1.0,0.0
jatawis,1,,1.0,0.0
civilrunner,1,,1.0,0.0
waterchestnutpie,1,,1.0,0.0
jclarks074,1,,1.0,0.0
WantDebianThanks,1,,1.0,0.0
anangrytree,1,,1.0,0.0
Prior_Advantage_5408,1,,1.0,0.0
jpenczek,1,,1.0,0.0
Cynical_optimist01,1,,1.0,0.0
JonDragonskin,1,,1.0,0.0
John_Maynard_Gains,1,,1.0,0.0
LightningSunflower,1,,1.0,0.0
KAGFOREVER,1,,1.0,0.0
Dazzling-Holiday-359,1,,1.0,0.0
Economy-Platform5740,1,,1.0,0.0
NATO_stan,1,,1.0,0.0
Diet_Fanta,1,,1.0,0.0
GMFPs_sweat_towel,1,,1.0,0.0
BachelorThesises,1,,1.0,0.0
Pyrrhus65,1,,1.0,0.0
iamthegodemperor,1,,1.0,0.0
_antisocial-media_,1,,1.0,0.0
Heimwee,1,,1.0,0.0
PM_ME4DEADBRANCH,1,,1.0,0.0
HammerJammer02,1,,1.0,0.0
just_a_human_1031,1,,1.0,0.0
Sai22,1,,1.0,0.0
throwaway094587635,1,,1.0,0.0
Thatirishlad06,1,,1.0,0.0
Thousand55,1,,1.0,0.0
AIverson3,1,,1.0,0.0
MOSfitYT,1,,1.0,0.0
NaffRespect,1,,1.0,0.0
Lumityfan777,1,,1.0,0.0
AnalyticOpposum,1,,1.0,0.0
financeguy1729,1,,1.0,0.0
wagoncirclermike,1,,1.0,0.0
Barnst,1,,1.0,0.0
Swampy1741,1,,1.0,0.0
Superior-Flannel,1,,1.0,0.0
Healingjoe,1,,1.0,0.0
krustykrab2193,1,,1.0,0.0
Nijmegen1,1,,1.0,0.0
Udolikecake,1,,1.0,0.0
MTabarrok,1,,1.0,0.0
amainwingman,1,,1.0,0.0
The_Shracc,1,,1.0,0.0
drossbots,1,,1.0,0.0
dixie8123,1,,1.0,0.0
Putrid_Line_1027,1,,1.0,0.0
HeadmasterPrimeMnstr,1,,1.0,0.0
The-OneAnd-Only,1,,1.0,0.0
Blackdalf,1,,1.0,0.0
737900ER,1,,1.0,0.0
Interesting_Math_199,1,,1.0,0.0
ShillForExxonMobil,1,,1.0,0.0
jwinhd2,1,,1.0,0.0
Dirty_Chopsticks,1,,1.0,0.0
shinybrighthings,1,,1.0,0.0
throwaway_veneto,1,,1.0,0.0
lenmae,1,,1.0,0.0
WavSword,1,,1.0,0.0
dddd0,1,,1.0,0.0
M_ida,1,,1.0,0.0
Azarka,1,,1.0,0.0
theosamabahama,1,,1.0,0.0
caliberoverreaching,1,,1.0,0.0
GogurtFiend,1,,1.0,0.0
Blelvis,1,,1.0,0.0
NeueBruecke_Detektiv,1,,1.0,0.0
HigherEntrepreneur,1,,1.0,0.0
Potential-Focus3211,1,,1.0,0.0
TheSlatinator33,1,,1.0,0.0
YugiohXYZ,1,,1.0,0.0
ColdArson,1,,1.0,0.0
lerph,1,,1.0,0.0
KNEnjoyer,1,,1.0,0.0
Lelo_B,1,,1.0,0.0
TIYATA,1,,1.0,0.0
PM-ShriNarendraModi,1,,1.0,0.0
ModernArgonauts,1,,1.0,0.0
nicklovettnz,1,,1.0,0.0
wombo_combo12,1,,1.0,0.0
7-5NoHits,1,,1.0,0.0
ArcaneAccounting,1,,1.0,0.0
elkoubi,1,,1.0,0.0
meamarie,1,,1.0,0.0
Cedric_Concordia,1,,1.0,0.0
LaurelLancesFishnets,1,,1.0,0.0
altathing,1,,1.0,0.0
AmbitiousDoubt,1,,1.0,0.0
vaccine-jihad,1,,1.0,0.0
Agreeable_Umpire5728,1,,1.0,0.0
PersuasionCommunity,1,,1.0,0.0
aUSBdrive,1,,1.0,0.0
Ajaxcricket,1,,1.0,0.0
McDowells23,1,,1.0,0.0
BackgroundBig5870,1,,1.0,0.0
NovelBrave,1,,1.0,0.0
Cowguypig2,1,,1.0,0.0
nicethingscostmoney,1,,1.0,0.0
Impatient_Optimist,1,,1.0,0.0
Spartacus_the_troll,1,,1.0,0.0
Splemndid,1,,1.0,0.0
ThePevster,1,,1.0,0.0
Watchung,1,,1.0,0.0
thepirateninja132,1,,1.0,0.0
pgold05,1,,1.0,0.0
bububutt,1,,1.0,0.0
Far_Mathematici,1,,1.0,0.0
creaturefeature16,1,,1.0,0.0
NotAnotherFishMonger,1,,1.0,0.0
Butteryfly1,1,,1.0,0.0
launchcode_1234,1,,1.0,0.0
tyleratx,1,,1.0,0.0
tyontekija,1,,1.0,0.0
A_Clipboard_Orange,1,,1.0,0.0
PM_ME_KIM_JONG-UN,1,,1.0,0.0
scoots-mcgoot,1,,1.0,0.0
drearymoment,1,,1.0,0.0
clofresh,1,,1.0,0.0
I_like_maps,1,,1.0,0.0
modularpeak2552,1,,1.0,0.0
quillua0,1,,1.0,0.0
Diocletian335,1,,1.0,0.0
MegasBasilius,1,,1.0,0.0
MeringueSuccessful33,1,,1.0,0.0
Street_Exercise_4844,1,,1.0,0.0
Plaatinum_Spark,1,,1.0,0.0
LosIsosceles,1,,1.0,0.0
ConnectAd9099,1,,1.0,0.0
TomboyAva,1,,1.0,0.0
ExpandThePie,1,,1.0,0.0
markelwayne,1,,1.0,0.0
Euphoric-TurnipSoup,1,,1.0,0.0
Mr_Stitch,1,,1.0,0.0
MarioTheMojoMan,1,,1.0,0.0
ForeverAclone95,1,,1.0,0.0
empvespasian,1,,1.0,0.0
YaGetSkeeted0n,1,,1.0,0.0
JulioMugnol,1,,1.0,0.0
SassyMoron,1,,1.0,0.0
CSachen,1,,1.0,0.0
MrDannyOcean,1,,1.0,0.0
Psshaww,1,,1.0,0.0
itainthardtotell5,1,,1.0,0.0
-TheKnownUnknown,1,,1.0,0.0
bruhlmaocmonbro,1,,1.0,0.0
TracingWoodgrains,1,,1.0,0.0
BayAreaNewLiberals,1,,1.0,0.0
no-username-declared,1,,1.0,0.0
caroline_elly,1,,1.0,0.0
sack-o-matic,1,,1.0,0.0
Rudy_Gobert,1,,1.0,0.0
Snowscoran,1,,1.0,0.0
robertovertical,1,,1.0,0.0
MichaelEmouse,1,,1.0,0.0
theallroundermemes,1,,1.0,0.0
solonofathens,1,,1.0,0.0
TurdCrapley23,1,,1.0,0.0
AccessTheMainframe,1,,1.0,0.0
RetainedGecko98,1,,1.0,0.0
Umang_Malik,1,,1.0,0.0
Mattador96,1,,1.0,0.0
platinumstallion,1,,1.0,0.0
E_Cayce,1,,1.0,0.0
goonin-it-up,1,,1.0,0.0
DougosaurusRex,1,,1.0,0.0
jbouit494hg,1,,1.0,0.0
Specific-Menu8568,1,,1.0,0.0
TatersTot,1,,1.0,0.0
ProcrastinatingPuma,1,,1.0,0.0
cugamer,1,,1.0,0.0
AntiFaqash,1,,1.0,0.0
Carteige,1,,1.0,0.0
UPnwuijkbwnui,1,,1.0,0.0
Joseph_K1920,1,,1.0,0.0
murphysclaw1,1,,1.0,0.0
CactusBoyScout,1,,1.0,0.0
SevenNites,1,,1.0,0.0
ghhewh,1,,1.0,0.0
rr215,1,,1.0,0.0
filipe_mdsr,1,,1.0,0.0
Wiffernubbin,1,,1.0,0.0
Nuggetters,1,,1.0,0.0
neolthrowaway,1,,1.0,0.0
Loud-Chemistry-5056,1,,1.0,0.0
Acoolgamer6706,1,,1.0,0.0
AutumnsFall101,1,,1.0,0.0
HowIsPajamaMan,1,,1.0,0.0
iPoopLegos,1,,1.0,0.0
PM_ME_UR_PM_ME_PM,1,,1.0,0.0
Avelion2,1,,1.0,0.0
MehEds,1,,1.0,0.0
hlary,1,,1.0,0.0
Dense_Delay_4958,1,,1.0,0.0
SantyEmo,1,,1.0,0.0
doggo11234,1,,1.0,0.0
Monster11,1,,1.0,0.0
tyw7,1,,1.0,0.0
northlondonhippy,1,,1.0,0.0
JuggernautNo4762,1,,1.0,0.0
WombatusMighty,1,,1.0,0.0
Shot_Independence274,1,,1.0,0.0
Pretend-Return-295,1,,1.0,0.0
svga,1,,1.0,0.0
YesJeffery,1,,1.0,0.0
TbonerT,1,,1.0,0.0
Catto_Doggo69,1,,1.0,0.0
redheadartgirl,1,,1.0,0.0
Kevin-W,1,,1.0,0.0
Hurtz123,1,,1.0,0.0
CapitolHillCatLady,1,,1.0,0.0
scrandis,1,,1.0,0.0
garg,1,,1.0,0.0
Eastcoastpal,1,,1.0,0.0
HTWingNut,1,,1.0,0.0
brashendeavors,1,,1.0,0.0
cyclinginvancouver,1,,1.0,0.0
bob_mcbob,1,,1.0,0.0
The_Big_Untalented,1,,1.0,0.0
BadSignificant8458,1,,1.0,0.0
LaserCondiment,1,,1.0,0.0
WorkingOnPPL,1,,1.0,0.0
PlayaSlayaX,1,,1.0,0.0
prajwas2004,1,,1.0,0.0
emperorsolo,1,,1.0,0.0
VGAddict,1,,1.0,0.0
VeryStableGuiness,1,,1.0,0.0
InverseNurse,1,,1.0,0.0
TheRedZephyr993,1,,1.0,0.0
1260763616,1,,1.0,0.0
toddymac1,1,,1.0,0.0
Clairenator,1,,1.0,0.0
Schiffy94,1,,1.0,0.0
news-10,1,,1.0,0.0
BookRat10001,1,,1.0,0.0
turb0_encapsulator,1,,1.0,0.0
OutlawGalaxyBill,1,,1.0,0.0
Ok_Lettuce_7939,1,,1.0,0.0
gradientz,1,,1.0,0.0
Graybeard_Shaving,1,,1.0,0.0
Altruistic-Square947,1,,1.0,0.0
besselfunctions,1,,1.0,0.0
ParadeSit,1,,1.0,0.0
rniles,1,,1.0,0.0
seemefail,1,,1.0,0.0
FloridaGirlNikki,1,,1.0,0.0
SophieCamuze,1,,1.0,0.0
ISeentSomeShit,1,,1.0,0.0
Phatte,1,,1.0,0.0
Nerd-19958,1,,1.0,0.0
Fuqtun,1,,1.0,0.0
ConsistentStop5100,1,,1.0,0.0
Expensive_Read4205,1,,1.0,0.0
deadbeatseconds,1,,1.0,0.0
elguiridelocho,1,,1.0,0.0
PandaMuffin1,1,,1.0,0.0
tom90640,1,,1.0,0.0
Botched_Lemon,1,,1.0,0.0
Watching20,1,,1.0,0.0
TheKeyPa,1,,1.0,0.0
MC_Cuff_Lnx,1,,1.0,0.0
Particular_Log_3594,1,,1.0,0.0
rytis,1,,1.0,0.0
finnerpeace,1,,1.0,0.0
Intelligent_Gur_8932,1,,1.0,0.0
MrMike,1,,1.0,0.0
CaptainCanuck93,1,,1.0,0.0
AbolishDisney,1,,1.0,0.0
OtpyrcLvl1,1,,1.0,0.0
Planet_Salesman,1,,1.0,0.0
OregonTripleBeam,1,,1.0,0.0
TheAnswerWithinUs,1,,1.0,0.0
AlDente,1,,1.0,0.0
DomesticErrorist22,1,,1.0,0.0
rapidcreek409,1,,1.0,0.0
thehill,1,,1.0,0.0
abdask,1,,1.0,0.0
T_Shurt,1,,1.0,0.0
Murderhands,1,,1.0,0.0
blindgal001,1,,1.0,0.0
neotheseventh,1,,1.0,0.0
throwaway2015ta,1,,1.0,0.0
zubbs99,1,,1.0,0.0
Key-Alternative5387,1,,1.0,0.0
unreqistered,1,,1.0,0.0
BBBWare,1,,1.0,0.0
ferngully99,1,,1.0,0.0
dn88,1,,1.0,0.0
audiodrone,1,,1.0,0.0
ElijahPepe,1,,1.0,0.0
We_Print,1,,1.0,0.0
elibryan,1,,1.0,0.0
wizardofthefuture,1,,1.0,0.0
TubbyPiglet,1,,1.0,0.0
k-devi,1,,1.0,0.0
shoofinsmertz,1,,1.0,0.0
stasi_a,1,,1.0,0.0
IntelligentCat8932,1,,1.0,0.0
novel-boi,1,,1.0,0.0
Navetoor,1,,1.0,0.0
neazwaflcasd,1,,1.0,0.0
pizza_lover229,1,,1.0,0.0
YesNo_Maybe_,1,,1.0,0.0
BlueGoggles,1,,1.0,0.0
RecursiveSubroutine,1,,1.0,0.0
AngelaMotorman,1,,1.0,0.0
reporterreporting123,1,,1.0,0.0
Internal-Weather8191,1,,1.0,0.0
shaiizan,1,,1.0,0.0
VaguelyArtistic,1,,1.0,0.0
RoughWestern9152,1,,1.0,0.0
syracusedotcom,1,,1.0,0.0
meltingsunz,1,,1.0,0.0
NoYouTryAnother,1,,1.0,0.0
Devast73,1,,1.0,0.0
DipperJC,1,,1.0,0.0
DontFearTheCreaper,1,,1.0,0.0
jmakk26,1,,1.0,0.0
Kingofearth23,1,,1.0,0.0
FLTA,1,,1.0,0.0
Flower-Immediate,1,,1.0,0.0
bconley1,1,,1.0,0.0
KnownAd523,1,,1.0,0.0
RobAbiera,1,,1.0,0.0
Beo1217,1,,1.0,0.0
AceMcLoud27,1,,1.0,0.0
vreweensy,1,,1.0,0.0
Shogouki,1,,1.0,0.0
Rambos_Magnum_Dong,1,,1.0,0.0
ure_not_my_dad,1,,1.0,0.0
esasongs,1,,1.0,0.0
failwnocause,1,,1.0,0.0
bradicality,1,,1.0,0.0
propublica_,1,,1.0,0.0
Creative_soja,1,,1.0,0.0
LadyduLac1018,1,,1.0,0.0
throwuk1,1,,1.0,0.0
sdcfc,1,,1.0,0.0
Genoss01,1,,1.0,0.0
ChiefFun,1,,1.0,0.0
Just-Sale-7015,1,,1.0,0.0
ipub,1,,1.0,0.0
Xenon1898,1,,1.0,0.0
Minecraftien76,1,,1.0,0.0
fungussa,1,,1.0,0.0
Comprehensive-Wave96,1,,1.0,0.0
LongDukDongle,1,,1.0,0.0
CarrieDurst,1,,1.0,0.0
Pasivite,1,,1.0,0.0
divadschuf,1,,1.0,0.0
LuklaAdvocate,1,,1.0,0.0
NextDoctorWho12,1,,1.0,0.0
EmployOne8739,1,,1.0,0.0
nahn00m,1,,1.0,0.0
TheNewYorkSun,1,,1.0,0.0
ClusterFugazi,1,,1.0,0.0
politico,1,,1.0,0.0
brodie1600,1,,1.0,0.0
RazzzMcFrazzz,1,,1.0,0.0
FreshFoxOfBelAir,1,,1.0,0.0
Rosieipoo51,1,,1.0,0.0
Zeddo52SD,1,,1.0,0.0
feraxks,1,,1.0,0.0
IamEpiblast,1,,1.0,0.0
newsweek,1,,1.0,0.0
Hiversitize,1,,1.0,0.0
MrDonMega,1,,1.0,0.0
optimalg,1,,1.0,0.0
Objective_Light_8951,1,,1.0,0.0
Harry-le-Roy,1,,1.0,0.0
ReaderBeeRottweiler,1,,1.0,0.0
Zen1,1,,1.0,0.0
_May26_,1,,1.0,0.0
chagall1968,1,,1.0,0.0
xc2215x,1,,1.0,0.0
veryirishhardlygreen,1,,1.0,0.0
GoodMornEveGoodNight,1,,1.0,0.0
joshys_97,1,,1.0,0.0
McKoijion,1,,1.0,0.0
AtreyaJi,1,,1.0,0.0
TeaReim,1,,1.0,0.0
Past_My_Subprime,1,,1.0,0.0
Pwaully,1,,1.0,0.0
GuzmyKawaii,1,,1.0,0.0
Vslacha,1,,1.0,0.0
nerphurp,1,,1.0,0.0
Ananiujitha,1,,1.0,0.0
sedatedlife,1,,1.0,0.0
Curious_Suchit,1,,1.0,0.0
GrowLapsed,1,,1.0,0.0
S_CO_W_TX_bound,1,,1.0,0.0
mom0nga,1,,1.0,0.0
Willing_Tadpole_1546,1,,1.0,0.0
FreeChickenDinner,1,,1.0,0.0
Optimal-Kitchen6308,1,,1.0,0.0
Rudiger,1,,1.0,0.0
cnn,1,,1.0,0.0
PM_ME_MTG,1,,1.0,0.0
brianh5,1,,1.0,0.0
AYasin,1,,1.0,0.0
Sandee2772,1,,1.0,0.0
GreshlyLuke,1,,1.0,0.0
d0pefish,1,,1.0,0.0
randomnighmare,1,,1.0,0.0
Lantis28,1,,1.0,0.0
OptimalAd3007,1,,1.0,0.0
doopityWoop22,1,,1.0,0.0
Kickinitez,1,,1.0,0.0
Omni-banned,1,,1.0,0.0
OutdoorLifeMagazine,1,,1.0,0.0
Sklic,1,,1.0,0.0
justalazygamer,1,,1.0,0.0
Houseleek1,1,,1.0,0.0
Pro-editor-1105,1,,1.0,0.0
TheRealMasonMac,1,,1.0,0.0
KLAW11,1,,1.0,0.0
SamMac62,1,,1.0,0.0
invertedspheres,1,,1.0,0.0
BADMONRISING,1,,1.0,0.0
ddx-me,1,,1.0,0.0
AssistantStraight983,1,,1.0,0.0
ha1029,1,,1.0,0.0
promocodebaby,1,,1.0,0.0
katalysis,1,,1.0,0.0
fortune,1,,1.0,0.0
Electrical-Meat-1717,1,,1.0,0.0
swmccoy,1,,1.0,0.0
Globalruler__,1,,1.0,0.0
semafornews,1,,1.0,0.0
Virtual-Orchid3065,1,,1.0,0.0
Shmuelosson,1,,1.0,0.0
tonyt4nv,1,,1.0,0.0
duderos,1,,1.0,0.0
bummed_athlete,1,,1.0,0.0
wanda999,1,,1.0,0.0
7steamer7,1,,1.0,0.0
MagicBingo,1,,1.0,0.0
Texas_Monthly,1,,1.0,0.0
Mront,1,,1.0,0.0
TaoJones13,1,,1.0,0.0
PunfullyObvious,1,,1.0,0.0
FlimsySheepherder,1,,1.0,0.0
Albion_Tourgee,1,,1.0,0.0
chinagirl1022,1,,1.0,0.0
wat_is_cs,1,,1.0,0.0
HealthyMolasses8199,1,,1.0,0.0
NuChallengerAppears,1,,1.0,0.0
ChocolateTsar,1,,1.0,0.0
Ixz72,1,,1.0,0.0
oresearch69,1,,1.0,0.0
GreaterMintopia,1,,1.0,0.0
Ok_World_8819,1,,1.0,0.0
GBSEC11,1,,1.0,0.0
PresidentSpanky,1,,1.0,0.0
Agreeable-Rooster-37,1,,1.0,0.0
AdvocateDotCom,1,,1.0,0.0
tehbowler,1,,1.0,0.0
FootballPizzaMan,1,,1.0,0.0
grayfox0430,1,,1.0,0.0
topJunkYardDog,1,,1.0,0.0
jewish_insider,1,,1.0,0.0
Dtstno,1,,1.0,0.0
vanityfairmagazine,1,,1.0,0.0
ClydeFrog1313,1,,1.0,0.0
highangryvirgin,1,,1.0,0.0
chalkbeat,1,,1.0,0.0
crom-dubh,1,,1.0,0.0
state_of_euphemia,1,,1.0,0.0
PassiveRoadRage,1,,1.0,0.0
SicilyMalta,1,,1.0,0.0
beccaface,1,,1.0,0.0
clevelanddotcom,1,,1.0,0.0
Logical_Parameters,1,,1.0,0.0
Last-Kitchen3418,1,,1.0,0.0
Kinmuan,1,,1.0,0.0
aldotcom,1,,1.0,0.0
bloombergopinion,1,,1.0,0.0
TrueDependent5339,1,,1.0,0.0
Last_Lonely_Traveler,1,,1.0,0.0
roytay,1,,1.0,0.0
MageRonin,1,,1.0,0.0
jimmyhoffasbrother,1,,1.0,0.0
CivicSensei,1,,1.0,0.0
arbr0972,1,,1.0,0.0
_lapetitelune,1,,1.0,0.0
mshaefer,1,,1.0,0.0
OutragedLiberal,1,,1.0,0.0
MultiTesseract,1,,1.0,0.0
chpbnvic,1,,1.0,0.0
divoxx,1,,1.0,0.0
Kind_Access_9854,1,,1.0,0.0
BertramPotts,1,,1.0,0.0
blurmageddon,1,,1.0,0.0
manbeqrpig,1,,1.0,0.0
UnicornOnTheJayneCob,1,,1.0,0.0
BabesRuthless,1,,1.0,0.0
Jazzlike_Schedule_51,1,,1.0,0.0
737MEX,1,,1.0,0.0
sheisthebeesknees,1,,1.0,0.0
itstherizzler96,1,,1.0,0.0
Charming_Proof_4357,1,,1.0,0.0
DifferenceAlarmed45,1,,1.0,0.0
1900grs,1,,1.0,0.0
fantasyfootballthrow,1,,1.0,0.0
Sachyriel,1,,1.0,0.0
Deedogg11,1,,1.0,0.0
Newscast_Now,1,,1.0,0.0
SuccessfulNews2330,1,,1.0,0.0
adham7897,1,,1.0,0.0
UGMadness,1,,1.0,0.0
P_a_s_g_i_t_24,1,,1.0,0.0
Clear-Example3029,1,,1.0,0.0
bluekkid,1,,1.0,0.0
Holly_Goloudly,1,,1.0,0.0
LovedByCreators,1,,1.0,0.0
h2f,1,,1.0,0.0
Smooth_Record_42,1,,1.0,0.0
deadmanshuffling,1,,1.0,0.0
PoorClassWarRoom,1,,1.0,0.0
pasquines,1,,1.0,0.0
Dry_Independence8406,1,,1.0,0.0
BioDataBard,1,,1.0,0.0
OdeeOh,1,,1.0,0.0
LouBiffo,1,,1.0,0.0
quantumquinoa,1,,1.0,0.0
Suitable-Figure-2730,1,,1.0,0.0
Kateshaian,1,,1.0,0.0
therealest411,1,,1.0,0.0
Ok_Relief7546,1,,1.0,0.0
1carcarah1,1,,1.0,0.0
lev_lafayette,1,,1.0,0.0
tomthebomb246,1,,1.0,0.0
marglebubble,1,,1.0,0.0
bittersweetslug,1,,1.0,0.0
Chrisboy265,1,,1.0,0.0
thebossisbusy,1,,1.0,0.0
Independent-City7339,1,,1.0,0.0
RedtrogradeYT,1,,1.0,0.0
One-Reality4066,1,,1.0,0.0
GreenEmployee9756,1,,1.0,0.0
Same-Emotion-4948,1,,1.0,0.0
FuckReddit5548866,1,,1.0,0.0
Leading-Professor-43,1,,1.0,0.0
WestTemperature2724,1,,1.0,0.0
ImmediateWalk9989,1,,1.0,0.0
Solitaire-06,1,,1.0,0.0
SupremeSoviet1917,1,,1.0,0.0
sleepytipi,1,,1.0,0.0
LuisCaipira,1,,1.0,0.0
InevitableRespect584,1,,1.0,0.0
MaltoseMaltase,1,,1.0,0.0
No-Silver826,1,,1.0,0.0
Brilliant-Donkey5155,1,,1.0,0.0
jtob303,1,,1.0,0.0
FernandoMachado,1,,1.0,0.0
Just-Arm4256,1,,1.0,0.0
CrazyStarlight,1,,1.0,0.0
NoAcanthisitta3968,1,,1.0,0.0
redditborkedmy8yracc,1,,1.0,0.0
whoamisri,1,,1.0,0.0
johnnys1lverhand_,1,,1.0,0.0
Whinfp2002,1,,1.0,0.0
Dadballoons,1,,1.0,0.0
Least_Supermarket_67,1,,1.0,0.0
zepong,1,,1.0,0.0
CuriousHo3Down72,1,,1.0,0.0
Ambelgi,1,,1.0,0.0
Ancient-Tomorrow-612,1,,1.0,0.0
MammaCat22,1,,1.0,0.0
gg0idi0h0f,1,,1.0,0.0
firerobin88,1,,1.0,0.0
Frosty-Meet6245,1,,1.0,0.0
Educational_Trade235,1,,1.0,0.0
carrero33,1,,1.0,0.0
TraditionalPop7683,1,,1.0,0.0
JohnMayerCd,1,,1.0,0.0
clbcarman,1,,1.0,0.0
LancaLonge,1,,1.0,0.0
andi2504,1,,1.0,0.0
ismail_the_whale,1,,1.0,0.0
aliengenderbender,1,,1.0,0.0
One-Risk-5520,1,,1.0,0.0
Dinnaspirina,1,,1.0,0.0
secretgrim1917,1,,1.0,0.0
nerd866,1,,1.0,0.0
wheimbach,1,,1.0,0.0
Jazzlike_Spring_1898,1,,1.0,0.0
AdhesivenessEven7287,1,,1.0,0.0
LordovVengeance666,1,,1.0,0.0
zassy2,1,,1.0,0.0
Zealousideal_Art122,1,,1.0,0.0
Fantastic-Daikon4577,1,,1.0,0.0
CaptainCat69420,1,,1.0,0.0
Busterlimes,1,,1.0,0.0
mrjohnnymac18,1,,1.0,0.0
Ed_geins_nephew,1,,1.0,0.0
confusingwaterbottle,1,,1.0,0.0
New-Presence3476,1,,1.0,0.0
LiteratureMountain66,1,,1.0,0.0
JamsWithJoseph,1,,1.0,0.0
Bilingual_Bi_Cyclist,1,,1.0,0.0
Formal-Pilot7014,1,,1.0,0.0
Fun_Jellyfish_4879,1,,1.0,0.0
ImaginaryEnemy1385,1,,1.0,0.0
kakamimaoist,1,,1.0,0.0
Henry-1917,1,,1.0,0.0
GoodGameReddit,1,,1.0,0.0
Flucuise,1,,1.0,0.0
david91722,1,,1.0,0.0
theonebefore_,1,,1.0,0.0
girlplaysguitar,1,,1.0,0.0
volta-guilhotina,1,,1.0,0.0
Commercial-Hat-754,1,,1.0,0.0
LigmaLover56,1,,1.0,0.0
lenin_beard,1,,1.0,0.0
thijshelder,1,,1.0,0.0
basicallytouche,1,,1.0,0.0
NoNeighborhood4520,1,,1.0,0.0
Significant_Diet_241,1,,1.0,0.0
academicaresenal,1,,1.0,0.0
Wob_Nobbler,1,,1.0,0.0
7x1e,1,,1.0,0.0
b01sh3v1k,1,,1.0,0.0
ManOvercomingHimself,1,,1.0,0.0
Neat_Building7988,1,,1.0,0.0
BennyL1986,1,,1.0,0.0
Waste-Ad-6151,1,,1.0,0.0
WhiteRob37,1,,1.0,0.0
FixPlastic3878,1,,1.0,0.0
abbalover420,1,,1.0,0.0
unbiased_lovebird,1,,1.0,0.0
KurtFF8,1,,1.0,0.0
MulberryNo6957,1,,1.0,0.0
Wolfie-Woo784,1,,1.0,0.0
itsaride,1,,1.0,0.0
ExtensionWorldly3291,1,,1.0,0.0
maximus_the_zek,1,,1.0,0.0
_7-_-7_,1,,1.0,0.0
No_Honeydew9251,1,,1.0,0.0
ShitFacedSteve,1,,1.0,0.0
cutiepegion,1,,1.0,0.0
Thin-Entrepreneur527,1,,1.0,0.0
Agitated_Structure63,1,,1.0,0.0
DisplayAmbitious170,1,,1.0,0.0
oq7ster,1,,1.0,0.0
AbstractMichael,1,,1.0,0.0
Slippy55555,1,,1.0,0.0
mendobot1912,1,,1.0,0.0
AbroadWeak,1,,1.0,0.0
Lockecito,1,,1.0,0.0
frank_da_tank99,1,,1.0,0.0
lost_mah_account,1,,1.0,0.0
-Konrad-,1,,1.0,0.0
PlasmaSpaz64,1,,1.0,0.0
RoughRoundEdges,1,,1.0,0.0
KaseDeSera,1,,1.0,0.0
f0rever-n1h1l1st,1,,1.0,0.0
Weak_Suggestion_1154,1,,1.0,0.0
chi_minhs_hoe,1,,1.0,0.0
MrSkeltalKing,1,,1.0,0.0
Hennawy99,1,,1.0,0.0
QofteFrikadel_ka,1,,1.0,0.0
sandy_cheex,1,,1.0,0.0
Short_Explanation_97,1,,1.0,0.0
Skwarken,1,,1.0,0.0
Minitrewdat,1,,1.0,0.0
ChewiesLipstickWilly,1,,1.0,0.0
Howling-wolf-7198,1,,1.0,0.0
IR1SHfighter,1,,1.0,0.0
Beterology,1,,1.0,0.0
New-Barracuda-571,1,,1.0,0.0
Significant-Owl3021,1,,1.0,0.0
Uncle_owen69,1,,1.0,0.0
ImABadSport,1,,1.0,0.0
AbortimusTheExiled,1,,1.0,0.0
SomeEntertainment128,1,,1.0,0.0
DreemyWeemy,1,,1.0,0.0
PhysZeke,1,,1.0,0.0
AcornElectron83,1,,1.0,0.0
Both-Drama-8561,1,,1.0,0.0
Previous_Moment_1307,1,,1.0,0.0
LWK10p,1,,1.0,0.0
MadamXY,1,,1.0,0.0
nicks226,1,,1.0,0.0
Muted_Ant5795,1,,1.0,0.0
Strong_Copy_6245,1,,1.0,0.0
Puzzled_Cherry_5613,1,,1.0,0.0
TheChairmansMao,1,,1.0,0.0
SaltySoupie,1,,1.0,0.0
theguywhorhymes_jc,1,,1.0,0.0
WillingnessIll6391,1,,1.0,0.0
Tolkin349,1,,1.0,0.0
HorrorRole,1,,1.0,0.0
Ok-Blood9309,1,,1.0,0.0
One_Man_Riot_,1,,1.0,0.0
LoveDry5370,1,,1.0,0.0
inside2000official,1,,1.0,0.0
Charles-Joseph-92,1,,1.0,0.0
jpegvillain,1,,1.0,0.0
DonnyV7,1,,1.0,0.0
MycoEngineer,1,,1.0,0.0
mikesartwrks,1,,1.0,0.0
Holiday-Economist526,1,,1.0,0.0
sydneyxzee,1,,1.0,0.0
Tough_General_2676,1,,1.0,0.0
AdamBandtxx,1,,1.0,0.0
karma9229,1,,1.0,0.0
Logical-Effective833,1,,1.0,0.0
kon_sy,1,,1.0,0.0
BigBadTony96,1,,1.0,0.0
MaintenanceOk9052,1,,1.0,0.0
slickduceman,1,,1.0,0.0
Medical-Gain7151,1,,1.0,0.0
mahavir_sinh24,1,,1.0,0.0
itpulledmebackin,1,,1.0,0.0
codfishcakes,1,,1.0,0.0
_Xam123_,1,,1.0,0.0
KwenSheq,1,,1.0,0.0
blockbusterbabe,1,,1.0,0.0
No-Edge-8600,1,,1.0,0.0
xavigames2010,1,,1.0,0.0
xwazot,1,,1.0,0.0
newoke,1,,1.0,0.0
readyjonah,1,,1.0,0.0
Revolutionary_Web964,1,,1.0,0.0
AdventureBirdDog,1,,1.0,0.0
Mykumn,1,,1.0,0.0
Br4nn1n,1,,1.0,0.0
Enocli,1,,1.0,0.0
kamdragon0909,1,,1.0,0.0
alkemest,1,,1.0,0.0
Few_Supermarket1022,1,,1.0,0.0
lev00r,1,,1.0,0.0
totaliberation,1,,1.0,0.0
Big-Mountain-9184,1,,1.0,0.0
Lost-West8574,1,,1.0,0.0
_trust-the-process_,1,,1.0,0.0
queenofspidors,1,,1.0,0.0
Call_It_,1,,1.0,0.0
Powerful_Flamingo567,1,,1.0,0.0
SensitiveAries,1,,1.0,0.0
dysonsphere,1,,1.0,0.0
alexbodebito,1,,1.0,0.0
One-Firefighter-6367,1,,1.0,0.0
FeelingMassive,1,,1.0,0.0
Baruikai,1,,1.0,0.0
Street-Appearance-70,1,,1.0,0.0
Intelligent_Flan_178,1,,1.0,0.0
austinxwade,1,,1.0,0.0
TheYellowBicycle,1,,1.0,0.0
WildeNietzsche,1,,1.0,0.0
Thenearhorizon,1,,1.0,0.0
StevenYvan,1,,1.0,0.0
Outrageous_Farm_9496,1,,1.0,0.0
Alarming_Rutabaga,1,,1.0,0.0
Brilliant-Quail2057,1,,1.0,0.0
squiddy-19,1,,1.0,0.0
Naive_Equivalent_738,1,,1.0,0.0
living_alien,1,,1.0,0.0
IntelligentHat8666,1,,1.0,0.0
1fluor,1,,1.0,0.0
WillGooseinger,1,,1.0,0.0
KimKitsuragii,1,,1.0,0.0
Trap_Ritual,1,,1.0,0.0
TeamClutchHD,1,,1.0,0.0
SecReflex,1,,1.0,0.0
drbirtles,1,,1.0,0.0
AkatoshChiefOfThe9,1,,1.0,0.0
LasBarricadas,1,,1.0,0.0
Future_Minimum6454,1,,1.0,0.0
Edb0t-80,1,,1.0,0.0
Maleficent-Stop-4826,1,,1.0,0.0
Yuriswe,1,,1.0,0.0
urfatbro,1,,1.0,0.0
CharmingWin9204,1,,1.0,0.0
Flashy-Actuator-998,1,,1.0,0.0
DerElrkonig,1,,1.0,0.0
lostwaspnest,1,,1.0,0.0
puzzleheadv,1,,1.0,0.0
northernlake926,1,,1.0,0.0
Tedwardy,1,,1.0,0.0
radish-slut,1,,1.0,0.0
vivalulaedilma,1,,1.0,0.0
squashedp0tat0,1,,1.0,0.0
HayleyRose00,1,,1.0,0.0
TopProfessional8023,1,,1.0,0.0
djflylo69,1,,1.0,0.0
eq_8,1,,1.0,0.0
Cuddlebug_12,1,,1.0,0.0
SwissMapper,1,,1.0,0.0
future_histories,1,,1.0,0.0
bcdaure11e,1,,1.0,0.0
Ok-Sheepherder-5135,1,,1.0,0.0
Apart_Distribution72,1,,1.0,0.0
EnthusiasmSalty2067,1,,1.0,0.0
ChainArtz__,1,,1.0,0.0
Ablaa_,1,,1.0,0.0
What_is_society_now,1,,1.0,0.0
Peespleaplease,1,,1.0,0.0
RefusedH,1,,1.0,0.0
LiberateTheSouth,1,,1.0,0.0
sethandtheswan,1,,1.0,0.0
shreyaspandit,1,,1.0,0.0
SurrealistRevolution,1,,1.0,0.0
Barnesnrobles17,1,,1.0,0.0
lemoncardboard_44,1,,1.0,0.0
JoshuaStarks2,1,,1.0,0.0
ExamBusiness5970,1,,1.0,0.0
Pogchamp233,1,,1.0,0.0
notaveragejo,1,,1.0,0.0
DragonFoolish,1,,1.0,0.0
sekaifutari,1,,1.0,0.0
bigboipapawiththesos,1,,1.0,0.0
welcometotheTD,1,,1.0,0.0
NovumNyt,1,,1.0,0.0
SouthMouth79,1,,1.0,0.0
paudzols,1,,1.0,0.0
StoneyThePlant,1,,1.0,0.0
adam_barghouthi,1,,1.0,0.0
Lopsided_Rush3935,1,,1.0,0.0
Timely_Search5854,1,,1.0,0.0
Deep-Impression-7294,1,,1.0,0.0
PieterSielie6,1,,1.0,0.0
CondensedMonk,1,,1.0,0.0
YogurtclosetNo6819,1,,1.0,0.0
Upper_Owl3569,1,,1.0,0.0
bitchesbrewmarx,1,,1.0,0.0
Lilyo,1,,1.0,0.0
GraciousLittleMan,1,,1.0,0.0
Stop_Fakin_Jax,1,,1.0,0.0
aingosay,1,,1.0,0.0
LennyTheOG,1,,1.0,0.0
BatAccomplished5151,1,,1.0,0.0
jmac_1604,1,,1.0,0.0
everquixote,1,,1.0,0.0
at-pyrix,1,,1.0,0.0
biggiepants,1,,1.0,0.0
AncientThrowaway777,1,,1.0,0.0
Boh9889,1,,1.0,0.0
pestilenceinspring,1,,1.0,0.0
Flagmaker123,1,,1.0,0.0
FU-5p3z,1,,1.0,0.0
Bjork-BjorkII,1,,1.0,0.0
HeraWC,1,,1.0,0.0
Idle_Redditing,1,,1.0,0.0
load1991,1,,1.0,0.0
Agrarian_1917,1,,1.0,0.0
Legohyun3197,1,,1.0,0.0
bitter_sweet-,1,,1.0,0.0
HoraceIG,1,,1.0,0.0
Electrical-Strike132,1,,1.0,0.0
stanko0135,1,,1.0,0.0
AbaixoDeCao,1,,1.0,0.0
Postforming_,1,,1.0,0.0
Mxsuri,1,,1.0,0.0
KingXerxesII,1,,1.0,0.0
NordMan009,1,,1.0,0.0
Colonel__Kuratz,1,,1.0,0.0
awesometotallydude,1,,1.0,0.0
Combefere,1,,1.0,0.0
Pussyslayer8080,1,,1.0,0.0
Real_Human_8650,1,,1.0,0.0
Wise_Property3362,1,,1.0,0.0
Old-Wolverine9377,1,,1.0,0.0
viodin228,1,,1.0,0.0
Practical-Main9162,1,,1.0,0.0
quality_yams,1,,1.0,0.0
AgencyPrevious3507,1,,1.0,0.0
Otroscolores,1,,1.0,0.0
Quick_Builder_9225,1,,1.0,0.0
theDeuce,1,,1.0,0.0
r00st3r_sNuff,1,,1.0,0.0
Capable-Sail-9712,1,,1.0,0.0
Despail,1,,1.0,0.0
Mysterious-Clock-594,1,,1.0,0.0
zingis75,1,,1.0,0.0
bijhan,1,,1.0,0.0
IbrahimKorkmazD,1,,1.0,0.0
RezFoo,1,,1.0,0.0
TheJorminator96,1,,1.0,0.0
maomaochair,1,,1.0,0.0
yo252yo,1,,1.0,0.0
SnooFloofs6432,1,,1.0,0.0
UberAva,1,,1.0,0.0
AlexanderQueen,1,,1.0,0.0
BigTimeSocalist,1,,1.0,0.0
redstarrealll,1,,1.0,0.0
UMDSUCC,1,,1.0,0.0
wook597,1,,1.0,0.0
Low-Function-1696,1,,1.0,0.0
CRLA2024,1,,1.0,0.0
Bolinas99,1,,1.0,0.0
NocturnalIllum,1,,1.0,0.0
Appropriate-Sink-461,1,,1.0,0.0
Libinha,1,,1.0,0.0
pharodae,1,,1.0,0.0
mrbigtent,1,,1.0,0.0
Marcot19,1,,1.0,0.0
Which-Revolution8765,1,,1.0,0.0
No_Carpenter3031,1,,1.0,0.0
Jolly_Pound_7146,1,,1.0,0.0
Strange-Intention-45,1,,1.0,0.0
understandoverstand,1,,1.0,0.0
Rocco_N,1,,1.0,0.0
Classic_Advantage_97,1,,1.0,0.0
captainsparkspeaks,1,,1.0,0.0
One_Ambition_5281,1,,1.0,0.0
SparkySpark1000,1,,1.0,0.0
Friedrich_Engels_,1,,1.0,0.0
ultramisc29,1,,1.0,0.0
Crunchyreads,1,,1.0,0.0
Toyotacamryenjoyer,1,,1.0,0.0
I_saw_Will_smacking,1,,1.0,0.0
Darth__Vader_,1,,1.0,0.0
marchiano24,1,,1.0,0.0
SpicypickleSpears,1,,1.0,0.0
rikosxay,1,,1.0,0.0
ecswag,1,,1.0,0.0
MLPorsche,1,,1.0,0.0
annemoriarty,1,,1.0,0.0
Specter451,1,,1.0,0.0
Fabulous-Page-1928,1,,1.0,0.0
ChatoChato,1,,1.0,0.0
Gavel_Guide,1,,1.0,0.0
assassin-ulimate555,1,,1.0,0.0
letsgetthisbovis,1,,1.0,0.0
skythepup0117,1,,1.0,0.0
BootyConnoisseur94,1,,1.0,0.0
VaporeonInABlender,1,,1.0,0.0
WhatDoYou_WantFromMe,1,,1.0,0.0
Acrobatic_Block_9840,1,,1.0,0.0
kingnerd1994,1,,1.0,0.0
Clear_Echidna_2276,1,,1.0,0.0
jobafett1,1,,1.0,0.0
SplattyFatty_,1,,1.0,0.0
RepublicIreland,1,,1.0,0.0
BlankPoet88,1,,1.0,0.0
myriclisselle,1,,1.0,0.0
Character-Ad-7000,1,,1.0,0.0
Such_Crow8542,1,,1.0,0.0
DevoidNoMore,1,,1.0,0.0
toshii1ro,1,,1.0,0.0
Subject-Gap1972,1,,1.0,0.0
Professor_Voodoo,1,,1.0,0.0
Old_Collection_3924,1,,1.0,0.0
Klutzy_Journalist_36,1,,1.0,0.0
monocle984,1,,1.0,0.0
Mayaforfun,1,,1.0,0.0
Dovah-Keane,1,,1.0,0.0
Elike10,1,,1.0,0.0
imanadultok,1,,1.0,0.0
Black-strap_rum,1,,1.0,0.0
GotSumDuk,1,,1.0,0.0
slowcheetah4545,1,,1.0,0.0
slackpantha,1,,1.0,0.0
Bigcreeper01,1,,1.0,0.0
noodle_attack,1,,1.0,0.0
Enough-Bunch5396,1,,1.0,0.0
PM-Me-Your-Tits___,1,,1.0,0.0
cramber-flarmp,1,,1.0,0.0
NotA_Drug_Dealer,1,,1.0,0.0
chadthewise,1,,1.0,0.0
whiletrueplayd2,1,,1.0,0.0
samsom0053,1,,1.0,0.0
cumming_monk,1,,1.0,0.0
mag-fed,1,,1.0,0.0
AlianaEbony,1,,1.0,0.0
OkScratch8070,1,,1.0,0.0
Guilty-Relative-6264,1,,1.0,0.0
sexyshadyshadowbeard,1,,1.0,0.0
Wallso2010,1,,1.0,0.0
Apprehensive_Lie302,1,,1.0,0.0
bigdoggydo,1,,1.0,0.0
nost76,1,,1.0,0.0
dudewy,1,,1.0,0.0
scottosteen1554,1,,1.0,0.0
AshKetchumWilliams,1,,1.0,0.0
QoiBoi,1,,1.0,0.0
ChaosCultistChampion,1,,1.0,0.0
AlexTheManV2,1,,1.0,0.0
rosscasa,1,,1.0,0.0
Aidosvonsexyman,1,,1.0,0.0
SpiralArchitect_33,1,,1.0,0.0
urgirlariaaaaa,1,,1.0,0.0
Main_Programmer8233,1,,1.0,0.0
Rudenessoverlord,1,,1.0,0.0
Iman3477,1,,1.0,0.0
Former_Stretch2503,1,,1.0,0.0
marylandjennava,1,,1.0,0.0
MeetingCapital,1,,1.0,0.0
theranman3,1,,1.0,0.0
miraisayonara,1,,1.0,0.0
Iwill_not_comply,1,,1.0,0.0
dvdcrlsn,1,,1.0,0.0
Effective_Macaron_23,1,,1.0,0.0
Critical_Key_7474,1,,1.0,0.0
MagicalMagna,1,,1.0,0.0
JuneRunner11,1,,1.0,0.0
bunnybunbunbu,1,,1.0,0.0
CoffeeOpposite8811,1,,1.0,0.0
SexyCurvyLines,1,,1.0,0.0
Nairda-_-,1,,1.0,0.0
Tofushopdriftin,1,,1.0,0.0
OutdatedMage,1,,1.0,0.0
alpaca-the-llama,1,,1.0,0.0
Stock-Tackle-9347,1,,1.0,0.0
Juan_Solooo,1,,1.0,0.0
Miserable-Ad-6943,1,,1.0,0.0
spinosauris,1,,1.0,0.0
indefilade,1,,1.0,0.0
FLY-KAISON,1,,1.0,0.0
Whitedudebrohug,1,,1.0,0.0
Leading-Bug-Bite,1,,1.0,0.0
ImmolatedChancla,1,,1.0,0.0
No_Attention_Span420,1,,1.0,0.0
Zugg1,1,,1.0,0.0
MoonInHisHands,1,,1.0,0.0
Tetrior_Solice,1,,1.0,0.0
kittycatpeach,1,,1.0,0.0
Prestigious_Count880,1,,1.0,0.0
hahahafam,1,,1.0,0.0
FeartheSexyHotNoodle,1,,1.0,0.0
BigBadKord,1,,1.0,0.0
TechnicallydaTruth,1,,1.0,0.0
DoctorWatson1975,1,,1.0,0.0
Jimmothy_Dickerman,1,,1.0,0.0
YoSoyGodot,1,,1.0,0.0
Tro1138,1,,1.0,0.0
General-Preference42,1,,1.0,0.0
xXtoxictoiletbrushXx,1,,1.0,0.0
Pornochimp,1,,1.0,0.0
EchidnaCold55,1,,1.0,0.0
dep,1,,1.0,0.0
BabyBear42069,1,,1.0,0.0
friskyluke,1,,1.0,0.0
thefatalblow,1,,1.0,0.0
hoot69,1,,1.0,0.0
klaaptrap,1,,1.0,0.0
gru-world-order,1,,1.0,0.0
droidcheese,1,,1.0,0.0
BenderFromBendingSt,1,,1.0,0.0
drumemusic,1,,1.0,0.0
Magical_Hippy,1,,1.0,0.0
griffon666,1,,1.0,0.0
Puppy_Liz,1,,1.0,0.0
Capital_Comedian_474,1,,1.0,0.0
ItzTreeman23,1,,1.0,0.0
Crystal_Art69,1,,1.0,0.0
boracay302,1,,1.0,0.0
myMadMind,1,,1.0,0.0
DreadPirateZoidberg,1,,1.0,0.0
SomeDudeist,1,,1.0,0.0
Ricesafely,1,,1.0,0.0
Sixpacksack,1,,1.0,0.0
2024-2025,1,,1.0,0.0
thatsmysandwichdude,1,,1.0,0.0
Turkey_Fateweaver,1,,1.0,0.0
backdoor-access,1,,1.0,0.0
limpforks,1,,1.0,0.0
zzztarsis,1,,1.0,0.0
KnightOfDoom22,1,,1.0,0.0
taken2300,1,,1.0,0.0
Similar_Pop9472,1,,1.0,0.0
weabooGodly,1,,1.0,0.0
Waveofspring,1,,1.0,0.0
Illustrious-Leg5906,1,,1.0,0.0
AlwaysRushesIn,1,,1.0,0.0
Aigrou,1,,1.0,0.0
Potential-Jury-3767,1,,1.0,0.0
femboy_theone,1,,1.0,0.0
MilkCartel,1,,1.0,0.0
calraith,1,,1.0,0.0
BlrSugarDaddie,1,,1.0,0.0
Juglioni,1,,1.0,0.0
downsocial,1,,1.0,0.0
CrazyHimboIncubus,1,,1.0,0.0
CJMcC18,1,,1.0,0.0
xington,1,,1.0,0.0
Romulus212,1,,1.0,0.0
Best-Addendum-4039,1,,1.0,0.0
Broken_segull,1,,1.0,0.0
fdeeee34,1,,1.0,0.0
Txur-Itan,1,,1.0,0.0
KaiTheGuy144393,1,,1.0,0.0
NudeArtwork,1,,1.0,0.0
Budget-Dot2061,1,,1.0,0.0
IAmTheBlackWizardess,1,,1.0,0.0
Airella,1,,1.0,0.0
jackbequikk,1,,1.0,0.0
cccryptsss,1,,1.0,0.0
Jumpy-Interaction567,1,,1.0,0.0
Euphoric-World-8160,1,,1.0,0.0
jrrrydo,1,,1.0,0.0
peepeepoopooman76254,1,,1.0,0.0
BZ-AD,1,,1.0,0.0
Appropriate-Humor-33,1,,1.0,0.0
davy89irox,1,,1.0,0.0
ShutUpRedditor44,1,,1.0,0.0
